지하철역,환승가능여부,출근시간대 승차,출근시간대 하차,퇴근시간대 승차,퇴근시간대 하차,유임이용객,무임이용객,유임이용객 비율,무임이용객 비율
잠실(송파구청),Y,457355.73333333334,552425.9833333334,741901.5666666667,653539.8500000001,4892902.199999999,496672.73333333334,0.908,0.092
강남,N,169253.36666666667,833196.0333333333,849324.0833333333,562597.0333333333,5059535.583333333,304524.55,0.943,0.057
고속터미널,Y,230917.8333333333,448714.5333333333,680976.1833333333,559507.2999999999,4454934.8,568487.5499999999,0.887,0.113
홍대입구,Y,248787.94234234234,317140.92432432435,590437.3085585586,692555.1513513513,4593204.123423424,236654.604054054,0.951,0.049
사당,Y,467319.4,274007.80000000005,368797.0333333333,626046.7833333332,3371591.2666666666,523158.73333333334,0.866,0.134
신림,N,728423.4166666666,155421.83333333334,266422.43333333335,634476.35,3369951.9000000004,442839.24999999994,0.884,0.116
선릉,Y,105832.76666666668,859297.3833333333,725257.3833333334,216960.75,3154484.55,450313.9833333333,0.875,0.125
구로디지털단지,N,449312.51666666666,485381.7833333333,476950.06666666665,420338.3333333334,3139709.916666667,320460.3833333333,0.907,0.093
신도림,Y,409601.7666666667,272268.1333333333,372475.6333333333,471520.48333333334,2978023.383333334,417385.0333333333,0.877,0.123
건대입구,Y,273720.6666666667,234801.74999999997,359441.86666666664,528960.0833333333,3055720.15,274517.56666666665,0.918,0.082
가산디지털단지,Y,101128.23333333334,967682.1499999999,813730.9166666667,167839.01666666666,3031372.466666667,209626.86666666664,0.935,0.065
종로3가,Y,52126.11666666667,391095.3833333333,529614.3,244724.98333333334,2201616.05,952108.8666666666,0.698,0.302
삼성(무역센터),N,66291.51666666666,683935.7833333333,656002.35,188841.2,2920453.5666666664,216069.61666666667,0.931,0.069
서울역,Y,177762.86437728937,493104.52802197804,488825.5154761905,292332.15119047614,2770896.3135531135,353897.36620879115,0.887,0.113
서울대입구(관악구청),N,438593.3333333333,171043.96666666667,255283.95,425886.5833333334,2503992.716666667,363099.3666666667,0.873,0.127
교대(법원.검찰청),Y,127586.43333333333,466659.2166666666,456807.56666666665,243564.38333333333,2335090.6333333333,415501.2666666667,0.849,0.151
역삼,N,66234.76666666666,714544.1666666667,580113.2333333333,154623.71666666665,2435776.8499999996,290327.75,0.894,0.106
합정,Y,197350.51666666666,288179.26666666666,364998.56666666665,363694.55,2488724.5166666666,205479.18333333335,0.924,0.076
영등포,N,139298.51666666666,287472.43333333335,385575.7166666667,319300.26666666666,2193880.9166666665,490175.2833333333,0.817,0.183
시청,Y,51228.649999999994,673168.6499999999,587520.8666666667,118635.56666666668,2337142.5166666666,285409.7,0.891,0.109
을지로입구,N,41332.53333333333,573635.1499999999,534593.2333333333,157453.4,2355890.166666667,196234.03333333333,0.923,0.077
여의도,Y,64997.066666666666,696948.7000000001,608625.1833333332,147330.98333333334,2371648.083333333,172589.46666666667,0.932,0.068
신촌,Y,130269.06666666667,245175.76666666663,309562.8666666667,321051.1833333333,2274056.933333333,254126.85,0.899,0.101
노원,Y,258850.98333333334,187150.81666666665,223975.89999999997,378349.81666666665,2108454.8666666667,385134.2666666666,0.846,0.154
청량리(서울시립대입구),Y,219544.06666666665,164866.76666666666,233874.28333333335,273302.05000000005,1497806.1333333333,864394.2666666667,0.634,0.366
강변(동서울터미널),N,310965.85,137473.3333333333,218915.2,335019.89999999997,2096152.35,248150.7,0.894,0.106
양재(서초구청),N,117346.16666666666,476638.1,418823.76666666666,198556.09999999998,1980853.3666666667,294498.1666666667,0.871,0.129
노량진,Y,258315.33333333334,232499.33333333334,224176.41666666666,305959.63333333336,2022219.5333333332,245275.28333333333,0.892,0.108
연신내,Y,406328.81666666665,101513.03333333333,155547.76666666666,360109.51666666666,1764084.4499999997,489383.68333333335,0.783,0.217
동대문역사문화공원,Y,68640.96666666667,318091.43333333335,377175.4166666667,205055.03333333333,2007705.25,236326.01666666666,0.895,0.105
종각,N,31268.48333333333,484523.25,448323.85,156221.19999999998,1968041.5333333332,271314.2,0.879,0.121
당산,Y,290046.26666666666,229377.3333333333,246885.95,319511.4666666667,1991143.4333333333,240805.90000000002,0.892,0.108
용산,N,88084.26666666666,317442.2,359032.4166666666,198034.4833333333,1982711.7833333332,239334.95,0.892,0.108
왕십리(성동구청),Y,220749.88333333333,152493.36666666664,241650.0333333333,339938.76666666666,1945120.0166666666,262411.0833333333,0.881,0.119
천호(풍납토성),Y,237524.05,171281.26666666666,234951.38333333333,334924.4,1784844.1833333333,421251.31666666665,0.809,0.191
혜화,N,67368.43333333333,266556.2,317315.1166666667,231788.06666666665,1959274.3833333333,243761.93333333332,0.889,0.111
대림(구로구청),Y,299547.3333333333,168539.68333333332,204437.11666666667,282857.2166666667,1890002.4666666666,284836.5833333334,0.869,0.131
이수,Y,253371.01666666663,187588.53333333333,213517.93333333335,328459.64999999997,1736800.0333333332,422331.4166666666,0.804,0.196
수유(강북구청),N,355863.3333333333,123894.54999999999,172674.59999999998,335988.43333333335,1755399.35,395304.2833333333,0.816,0.184
동대문,Y,87490.45,266708.4666666667,298744.6666666666,148680.01666666666,1612958.5666666667,526179.55,0.754,0.246
공덕,Y,159873.1,371976.95,337545.3333333333,224260.84047619047,1816194.2166666668,246563.0119047619,0.88,0.12
광화문(세종문화회관),N,38136.933333333334,478448.3333333333,421893.6333333333,124369.45,1764653.7166666668,158094.01666666666,0.918,0.082
압구정,N,64795.45,352677.2166666667,326128.3833333333,159622.71666666665,1659746.6833333333,259519.26666666666,0.865,0.135
남부터미널(예술의전당),N,108930.43333333335,312847.81666666665,315726.01666666666,179654.56666666668,1648328.55,230358.41666666666,0.877,0.123
명동,N,35133.799999999996,256811.36666666667,302868.1166666667,173300.55,1733825.2166666668,128037.73333333334,0.931,0.069
신사,N,49593.63333333333,286314.13333333336,320426.0,184064.6,1692174.8,133881.05,0.927,0.073
수서,Y,192387.41666666666,207259.5,209937.21666666667,216662.91666666666,1474488.8166666667,304508.4833333333,0.829,0.171
을지로3가,Y,39105.583333333336,430065.55,379498.4666666667,106727.26666666666,1502072.0166666666,259755.31666666665,0.853,0.147
신논현,N,102116.93333333333,223585.3833333333,257539.75,221794.23333333334,1648685.25,99594.96666666666,0.943,0.057
쌍문,N,362447.6333333333,67809.2,106202.68333333333,274392.10000000003,1411314.9,304245.7166666667,0.823,0.177
성수,N,83048.36666666667,419412.2333333333,357275.3166666667,123804.81666666665,1516189.3,194509.05,0.886,0.114
충무로,Y,44167.25,356596.48333333334,329020.4666666667,108186.98333333332,1443997.1166666667,232574.68333333332,0.861,0.139
미아사거리,N,272249.5,89661.1,133546.61666666667,264217.18333333335,1327167.3666666667,340874.44999999995,0.796,0.204
까치산,N,365574.1333333333,53760.899999999994,91155.38333333333,287980.5,1357344.1166666667,290920.8333333334,0.823,0.177
창동,Y,248491.8,95720.61666666667,125511.73333333334,255520.63333333336,1277830.8833333333,367111.8833333333,0.777,0.223
낙성대,N,295048.8,100494.04999999999,137274.61666666667,240654.1333333333,1421776.65,205886.03333333333,0.874,0.126
회현(남대문시장),N,28313.1,304034.43333333335,293064.64999999997,61529.416666666664,1245849.5166666666,361258.1666666666,0.775,0.225
화곡,N,338240.4333333333,69213.81666666667,102933.2,274831.1,1332323.85,260414.96666666667,0.836,0.164
신대방,N,308762.10000000003,78196.78333333333,110233.56666666668,235974.18333333335,1309645.6666666665,242469.93333333332,0.844,0.156
디지털미디어시티,Y,172805.49166666667,284383.69999999995,267500.18055555556,158970.61666666667,1382651.5805555554,159553.4638888889,0.897,0.103
회기,N,179372.53333333333,130461.26666666665,156081.31666666665,193735.9,1302332.5333333332,237098.81666666665,0.846,0.154
김포공항,Y,94989.14047619049,152895.8333333333,205416.34523809524,158819.73333333334,1389243.6642857143,130833.00952380951,0.914,0.086
성신여대입구,Y,164621.83205128205,109327.87564102565,159398.21794871794,207869.53205128206,1275641.832051282,224219.0987179487,0.851,0.149
영등포구청,Y,141250.25,240930.43333333332,221438.73333333337,150113.55,1211073.5499999998,227849.16666666666,0.842,0.158
강남구청,Y,51764.88333333334,327095.04999999993,265211.05,101978.56666666667,1262329.1,163155.36666666667,0.886,0.114
종로5가,N,26239.86666666667,221428.56666666665,247288.8833333333,84913.46666666667,913402.85,489826.6666666666,0.651,0.349
오목교(목동운동장앞),N,139248.91666666666,160058.26666666666,169119.2,191894.73333333334,1232900.15,156258.45,0.888,0.112
군자(능동),Y,231525.15,98434.63333333333,136255.0833333333,208946.56666666665,1181569.95,206567.88333333333,0.851,0.149
불광,Y,191320.78333333335,96791.03333333333,119724.31666666667,200572.03333333333,1019162.0999999999,354848.45000000007,0.742,0.258
잠실새내,N,189636.21666666665,78712.76666666666,120948.78333333333,221199.15000000002,1161109.15,204481.3833333333,0.85,0.15
안국,N,26037.11666666667,274596.4166666667,269722.39999999997,68796.76666666666,1147111.1666666665,197556.58333333334,0.853,0.147
신당,Y,125955.40000000001,161067.75,154551.18333333332,157030.16666666666,1070967.4666666668,260546.06666666665,0.804,0.196
개봉,N,240688.24999999997,63359.11666666667,87626.93333333335,228520.46666666667,1026536.0166666666,296016.6333333333,0.776,0.224
구의(광진구청),N,246312.28333333333,80769.83333333333,105113.13333333333,205951.75,1122338.15,197395.76666666663,0.85,0.15
경복궁(정부서울청사),N,57811.666666666664,230447.36666666664,225597.51666666666,95122.0,1154222.5666666667,162846.9,0.876,0.124
봉천,N,265310.4166666667,62292.0,91644.93333333333,202154.9,1040332.8499999999,275729.4166666666,0.79,0.21
석계,Y,220640.8833333333,59765.816666666666,85763.16666666667,227800.03333333333,1047324.6833333333,267266.81666666665,0.797,0.203
상봉(시외버스터미널),Y,213089.96666666667,88941.21666666667,118238.08333333334,197362.94999999998,1099115.9511299436,202388.89915254235,0.844,0.156
길음,N,231541.5,77905.75,101589.61666666665,189160.8,1039652.3333333334,229411.15,0.819,0.181
학동,N,32205.88333333333,360701.5333333333,287976.81666666665,56062.73333333333,1146247.25,108442.2,0.914,0.086
서초,N,64395.183333333334,265256.9666666667,221181.09999999998,76614.78333333333,1084521.0666666667,154623.01666666666,0.875,0.125
신설동,Y,83474.43461538461,185363.11923076923,183093.5987179487,97360.90384615384,855683.3474358974,325024.2576923077,0.725,0.275
청담,N,41856.433333333334,314077.06666666665,227509.2333333333,64166.88333333333,1031620.2333333333,133631.38333333333,0.885,0.115
구로,N,107772.06666666667,162798.4166666667,154125.01666666666,123727.88333333333,973226.3166666667,173190.75,0.849,0.151
구파발,N,210686.36666666664,73784.63333333333,91440.5,162258.13333333333,946455.2666666666,197827.25,0.827,0.173
가양,N,189950.05,88475.4,101614.71666666667,163144.1,911315.35,227056.51666666666,0.801,0.199
논현,N,41065.61666666667,261155.28333333333,208474.96666666667,89646.28333333333,1035276.7999999999,95508.13333333333,0.916,0.084
문래,N,114759.8,199409.63333333336,180249.53333333333,118628.53333333333,969681.8999999999,151140.18333333335,0.865,0.135
상계,N,226911.55,52917.16666666667,68523.58333333333,169595.1,892845.4333333333,217220.68333333335,0.804,0.196
동묘앞,Y,57087.166666666664,111028.76666666666,138393.0,79490.55,706139.9833333333,403351.63333333336,0.636,0.364
제기동,N,77317.0,103256.15,115426.3,76869.86666666667,506430.1666666666,598102.4333333333,0.459,0.541
방배,N,91551.93333333333,157417.3333333333,154915.28333333333,108368.19999999998,932854.1499999999,144556.23333333334,0.866,0.134
뚝섬,N,72815.61666666665,212341.1,198345.36666666664,97695.45000000001,958457.5666666667,115336.43333333332,0.893,0.107
하계,N,187106.9166666667,65373.48333333334,78808.33333333334,152757.73333333334,860028.5,190956.9,0.818,0.182
강동,N,183715.85,90114.56666666667,108194.84999999999,133021.51666666666,865684.5,180396.15000000002,0.828,0.172
홍제,N,182397.38333333333,61905.95,79714.65,154855.31666666668,773148.4833333334,269937.1,0.741,0.259
목동,N,173810.96666666667,67338.38333333333,79284.38333333333,185330.03333333333,883617.4833333333,158492.18333333335,0.848,0.152
장한평,N,150831.76666666666,121386.4,130373.43333333333,135121.8333333333,847168.2166666667,174097.26666666666,0.83,0.17
이대,N,62597.916666666664,105996.59999999998,132166.71666666665,100632.73333333334,896553.95,109385.3,0.891,0.109
응암,N,201838.8,41323.21666666666,62567.549999999996,172605.25,789813.0166666666,211054.2,0.789,0.211
을지로4가,Y,23144.916666666664,214986.0833333333,214970.6166666667,46857.8,752797.2,247750.73333333334,0.752,0.248
종합운동장,Y,105418.09999999999,88382.90000000001,99790.28333333333,154319.18333333332,876725.6499999999,123503.18333333332,0.877,0.123
가락시장,Y,96266.73333333334,124481.23333333334,120618.73333333334,118752.18333333332,752282.1,245629.53333333333,0.754,0.246
문정,N,68016.58333333333,250320.63333333333,201704.91666666666,72581.58333333334,899218.6666666667,96070.79999999999,0.903,0.097
도봉산,Y,176142.23333333334,61898.26666666667,73694.13333333333,120547.46666666666,719500.3333333333,271993.8833333333,0.726,0.274
발산,N,72139.68333333332,153103.41666666666,153772.4,104881.4,845641.5333333333,141370.96666666667,0.857,0.143
장지,N,133939.53333333333,106564.31666666665,119755.18333333332,123701.29999999999,854586.1,130750.01666666666,0.867,0.133
암사,N,230863.35,41957.35,61915.683333333334,162301.26666666666,804557.6666666667,180529.36666666667,0.817,0.183
온수(성공회대입구),Y,190463.35,75687.68333333332,72615.2,150284.2,826076.9833333333,155185.03333333333,0.842,0.158
압구정로데오,N,19954.48333333333,175916.41666666666,179133.18333333335,92825.95000000001,903439.9166666667,76194.61666666665,0.922,0.078
서대문,N,55809.33333333333,245204.53333333335,192193.68333333332,63543.049999999996,856016.8833333333,123473.41666666666,0.874,0.126
약수,Y,114035.88333333333,105377.01666666668,109493.25,121627.0,777820.3666666667,196117.55,0.799,0.201
독산,N,103796.68333333332,178804.11666666667,151411.8,99713.98333333334,805956.5333333333,123974.95,0.867,0.133
미아,N,154023.98333333334,70492.33333333334,76480.56666666665,127574.78333333333,702606.4833333334,221870.56666666668,0.76,0.24
남구로,N,94404.41666666667,176847.88333333336,148641.83333333334,95889.21666666667,807170.2833333333,111798.73333333334,0.878,0.122
염창,N,191000.03333333333,40628.86666666667,59981.84999999999,157966.69999999998,795723.3666666667,119591.4,0.869,0.131
신대방삼거리,N,172101.8333333333,67986.05,73156.96666666667,138225.71666666667,741887.0,170597.9166666667,0.813,0.187
사가정,N,159072.59999999998,53892.61666666666,70332.0,145915.86666666664,731317.8166666667,179002.93333333335,0.803,0.197
선정릉,Y,41921.6,199201.25,175958.3333333333,64113.066666666666,796275.5,101349.15,0.887,0.113
면목,N,175875.35000000003,52889.433333333334,62203.31666666666,141288.71666666667,722325.5333333333,171212.25,0.808,0.192
이태원,N,42188.6,63404.46666666666,100839.29999999999,132508.8333333333,819455.05,64200.11666666666,0.927,0.073
잠실나루,N,128766.83333333331,88905.35,87485.38333333333,103856.1,713481.3666666666,160083.51666666666,0.817,0.183
충정로(경기대입구),Y,74537.25,174840.68333333332,146847.6,78196.31666666667,747785.2000000001,124905.99999999999,0.857,0.143
신용산,N,39438.48333333334,173531.51666666666,170245.91666666666,73362.95,776790.9833333334,93152.91666666667,0.893,0.107
국회의사당,N,16794.216666666667,244049.8333333333,211094.66666666666,37384.53333333334,776330.4166666667,92358.71666666667,0.894,0.106
답십리,N,167254.26666666666,67260.41666666666,81685.7,127803.01666666666,718122.95,150376.8,0.827,0.173
한성대입구(삼선교),N,103862.2,79375.09999999999,88487.85,104067.41666666667,720398.2333333334,141494.23333333334,0.836,0.164
봉은사,N,26920.666666666668,163853.33333333334,171964.91666666666,58765.86666666667,780024.8333333333,76068.65,0.911,0.089
숙대입구(갈월),N,65524.53333333333,118914.48333333334,124110.18333333332,89813.41666666666,752833.5166666666,100303.31666666667,0.882,0.118
석촌,Y,121444.07342342343,70662.71036036036,83940.9,123066.67567567568,701220.6085585585,151321.231981982,0.823,0.177
우장산,N,149833.46666666667,53934.48333333334,58077.566666666666,131569.81666666665,683505.1833333333,160849.36666666664,0.81,0.19
아차산(어린이대공원후문),N,137452.68333333332,58062.01666666666,70882.51666666666,122466.54999999999,661412.05,174999.86666666664,0.791,0.209
망원,N,91748.86666666667,68070.05,88885.88333333333,118751.71666666666,673685.2166666667,159186.23333333334,0.809,0.191
한티,N,61224.83333333333,111460.83333333331,110058.08333333333,92892.06666666667,706485.2166666667,124056.4,0.851,0.149
중계,N,165004.86666666667,59171.66666666666,52635.433333333334,119367.44999999998,655013.1166666667,168811.83333333334,0.795,0.205
어린이대공원(세종대),N,70242.88333333333,101098.5,108956.80000000002,74388.9,744063.5,79048.48333333334,0.904,0.096
태릉입구,Y,114188.55,64616.88333333334,77843.63333333333,112655.11666666667,690299.5666666667,132116.55,0.839,0.161
대방,N,98501.15,115904.88333333333,102529.48333333334,92801.81666666667,672820.7833333334,130391.70000000001,0.838,0.162
숭실대입구(살피재),N,122603.34999999999,59368.53333333333,69847.68333333333,112098.13333333333,688217.75,111191.88333333333,0.861,0.139
내방,N,66653.06666666668,150110.3,130994.66666666666,73710.91666666666,674445.3166666667,119394.16666666667,0.85,0.15
마곡나루,Y,82119.31666666667,123950.45833333334,138600.18333333332,86123.60833333332,734019.8083333333,56440.95833333333,0.929,0.071
마포,N,79607.06666666665,128861.6,114886.9,96963.15,669658.5833333333,116681.13333333333,0.852,0.148
상왕십리,N,128909.51666666666,67385.38333333333,72190.1,108467.34999999998,641478.8833333333,124748.11666666665,0.837,0.163
수락산,N,133213.56666666668,43366.23333333334,55772.5,113194.18333333333,593163.4166666667,170000.4166666667,0.777,0.223
마포구청,N,122780.6,68849.93333333333,80741.95,92376.84999999999,611648.9833333334,141520.8,0.812,0.188
광나루(장신대),N,118087.68333333333,69622.13333333333,75057.6,93435.95,628800.4166666667,123362.76666666666,0.836,0.164
새절(신사),N,147954.61666666664,39102.316666666666,49012.2,117299.18333333332,579933.9666666667,162212.6666666667,0.781,0.219
이촌(국립중앙박물관),Y,71106.53333333334,84471.9,92516.03333333333,78367.1,598508.8666666667,136602.15,0.814,0.186
녹번,N,160587.09999999998,36313.33333333333,49768.35,115121.29999999999,604358.0166666666,127696.33333333334,0.826,0.174
상일동,N,168479.1666666667,35887.48333333334,53657.49999999999,111567.16666666666,584005.3999999999,133843.46666666667,0.814,0.186
당고개,N,136164.23333333334,36968.7,49725.333333333336,100260.81666666668,542090.0166666666,173305.78333333333,0.758,0.242
신길,Y,111059.83333333334,83431.98333333334,86923.93333333333,88628.41666666667,608545.6166666667,105478.11666666667,0.852,0.148
공릉(서울과학기술대),N,105727.73333333334,54639.6,62904.183333333334,102831.93333333332,581446.3166666667,127188.78333333333,0.821,0.179
신정(은행정),N,186403.3333333333,31655.466666666667,42680.85,106125.83333333331,599090.8833333333,108097.28333333333,0.847,0.153
안암(고대병원앞),N,31877.0,92882.63333333333,100161.53333333333,61921.216666666674,640221.9166666666,61722.2,0.912,0.088
도곡,Y,62067.66666666667,111633.46666666666,101993.36666666667,65480.73333333333,573894.0166666667,123827.03333333333,0.823,0.177
월곡(동덕여대),N,111676.31666666667,51598.38333333333,62533.48333333334,96740.33333333333,543895.5666666667,137620.26666666666,0.798,0.202
오류동,N,126066.04999999999,30687.166666666664,44677.03333333333,104430.35,498978.7333333333,167406.9,0.749,0.251
마들,N,146153.69999999998,27467.700000000004,33800.16666666667,107067.35,518333.25,146628.48333333334,0.779,0.221
대치,N,69744.33333333333,63643.16666666666,75531.16666666666,80361.13333333333,551643.1833333333,110772.23333333334,0.833,0.167
금천구청,N,114636.66666666666,55717.96666666667,56763.48333333333,99615.23333333334,513604.26666666666,145014.63333333333,0.78,0.22
여의나루,N,19209.816666666666,106458.08333333333,122446.89999999998,72300.36666666667,596056.2166666667,53620.649999999994,0.917,0.083
삼각지,Y,45916.63333333333,98198.91666666666,105101.79999999999,60664.48333333334,562543.2,82976.88333333333,0.871,0.129
올림픽공원(한국체대),Y,70033.93153153153,53340.3518018018,70052.76216216217,77876.70450450451,540860.5220720721,96275.77207207207,0.849,0.151
신풍,N,114005.76666666668,45366.23333333334,52263.13333333333,94040.6,511440.1333333333,125188.45,0.803,0.197
중화,N,114596.25,43454.38333333333,50638.26666666666,95813.68333333333,514996.5833333334,117368.3,0.814,0.186
남성,N,127114.23333333334,34932.816666666666,43085.566666666666,96141.01666666666,502035.0333333333,129892.03333333333,0.794,0.206
매봉,N,48871.45,123432.51666666666,115233.63333333333,52920.850000000006,520406.35,102746.63333333333,0.835,0.165
상도,N,101324.9,45712.63333333333,53547.23333333333,85507.2,514922.6166666667,105898.35,0.829,0.171
화랑대(서울여대입구),N,149809.25,32140.833333333332,43076.9,88613.15,536934.9666666667,81939.53333333333,0.868,0.132
동대입구,N,20688.266666666666,110983.96666666666,104276.53333333333,44850.01666666666,541936.2333333333,71170.93333333332,0.884,0.116
상수,N,33658.26666666666,56957.333333333336,73022.48333333334,87548.63333333333,563595.45,41939.53333333333,0.931,0.069
남영,N,42075.46666666667,115542.68333333332,96284.36666666667,56214.933333333334,530093.8333333333,72312.25,0.88,0.12
강동구청,N,97876.68333333332,63010.91666666667,59078.46666666666,84964.63333333333,479886.86666666664,117410.73333333334,0.803,0.197
장승배기,N,103868.70000000001,40994.35,44690.433333333334,86611.54999999999,455100.9666666667,138063.0833333333,0.767,0.233
등촌,N,102143.11666666667,36626.78333333333,44996.45,93861.91666666666,441273.3333333333,147858.5,0.749,0.251
먹골,N,110166.81666666665,29503.483333333334,43026.23333333334,95790.76666666666,473237.1666666667,115547.46666666667,0.804,0.196
한양대,N,21207.983333333334,110995.95000000001,88658.03333333334,38253.86666666667,557643.45,28196.75,0.952,0.048
증산(명지대앞),N,115508.86666666667,25009.266666666663,37314.850000000006,95721.45000000001,447723.0999999999,132641.31666666665,0.771,0.229
아현,N,84797.08333333334,46728.9,53551.75,76083.48333333332,458022.2333333333,119484.21666666667,0.793,0.207
복정,Y,99940.37807017543,47672.399999999994,66706.06754385965,74818.70000000001,491117.87368421047,82090.23157894737,0.857,0.143
양평,Y,76313.83333333333,76376.01666666666,71650.66666666667,65684.06666666667,452129.55,115915.66666666666,0.796,0.204
외대앞,N,70625.61666666667,37030.75,53139.51666666666,71893.96666666666,468903.93333333335,94819.83333333334,0.832,0.168
신정네거리,N,108986.95,24914.266666666663,34695.15,101322.5,436239.56666666665,125912.1,0.776,0.224
옥수,Y,81152.38333333333,36166.75,49613.76666666666,85307.68333333333,450442.05,110718.36666666667,0.803,0.197
방학,N,84689.78333333333,39176.6,44313.41666666667,79238.65,361730.14999999997,197616.3666666667,0.647,0.353
오금,Y,98666.55,61564.033333333326,57757.61666666667,70730.29999999999,473631.7,85093.88333333333,0.848,0.152
중곡,N,106593.64999999998,40861.183333333334,43043.433333333334,79767.6,442791.31666666665,112572.96666666667,0.797,0.203
둔촌동,N,79470.21666666666,47666.88333333333,53113.433333333334,78659.46666666667,421223.03333333327,122284.26666666666,0.775,0.225
효창공원앞,Y,67939.43333333333,72366.05,72338.8,59080.600000000006,442861.68333333335,99584.23333333334,0.816,0.184
영등포시장,N,52103.7,70814.86666666665,77604.6,57533.45,406734.75,135583.16666666666,0.75,0.25
보라매,N,69313.46666666666,73323.26666666666,63888.01666666666,65300.5,453907.24999999994,80515.61666666665,0.849,0.151
대청,N,77059.13333333333,51454.3,61823.88333333333,63896.2,432374.15,99907.56666666667,0.812,0.188
굽은다리(강동구민회관앞),N,98330.65,29233.216666666667,38781.7,83278.85,414962.9833333333,117294.78333333333,0.78,0.22
흑석(중앙대입구),N,51786.816666666666,49713.86666666667,57550.75,66434.33333333333,426655.8999999999,99346.41666666666,0.811,0.189
일원,N,59327.933333333334,67197.54999999999,54308.91666666667,50060.3,412960.7,111298.35,0.788,0.212
고덕,N,77021.03333333333,43011.833333333336,44245.73333333334,73082.16666666666,409437.4166666666,113703.23333333334,0.783,0.217
천왕,N,114960.71666666666,27701.483333333337,33521.95,85689.96666666666,429236.5333333333,92280.9,0.823,0.177
뚝섬유원지,N,72301.96666666667,28667.06666666667,48507.533333333326,78613.05,435810.01666666666,78393.76666666666,0.848,0.152
광흥창(서강),N,58348.71666666667,74743.79999999999,67625.05,54016.26666666666,411693.0833333334,98251.01666666666,0.807,0.193
광운대,N,85827.90000000001,33915.58333333333,38762.38333333333,68219.96666666666,408658.73333333334,100981.11666666667,0.802,0.198
봉화산(서울의료원),N,113918.25,25789.866666666665,31708.766666666666,80241.98333333334,414687.9,94950.26666666666,0.814,0.186
보문,Y,77844.16282051282,48705.058974358966,50238.80256410257,61366.160256410265,411530.3884615385,87944.77564102564,0.824,0.176
고려대(종암),N,63741.9,54242.01666666667,57208.96666666667,57560.24999999999,434329.7166666667,64973.333333333336,0.87,0.13
신이문,N,107355.05,18516.15,27390.0,79604.71666666667,372269.35,124135.95,0.75,0.25
언주,N,22171.966666666667,97975.6,97481.45,35592.85,445447.3333333334,46779.46666666666,0.905,0.095
돌곶이,N,89263.75,33986.5,38875.63333333333,71463.35,381188.7,110083.04999999999,0.776,0.224
서울숲,N,51952.28333333333,62128.166666666664,75630.31666666667,52836.433333333334,441134.5333333333,46166.38333333333,0.905,0.095
대흥(서강대앞),N,47162.566666666666,67631.79999999999,61118.833333333336,52805.38333333334,400256.8666666667,85008.81666666668,0.825,0.175
양천향교,N,69979.83333333333,51675.166666666664,53948.01666666666,62552.3,406501.43333333335,76609.18333333332,0.841,0.159
한강진,N,12146.933333333334,77014.51666666666,79714.4,53856.1,450624.2166666666,28372.533333333333,0.941,0.059
명일,N,83457.70000000001,26579.75,31377.333333333336,81352.11666666667,359726.3333333333,117547.01666666666,0.754,0.246
금호,N,90034.46666666666,20566.533333333333,32345.75,73408.56666666665,361457.9,102359.91666666667,0.779,0.221
송정,N,71625.95,34270.3,43563.3,63572.33333333333,355760.63333333336,106570.76666666666,0.769,0.231
망우,N,71737.88333333333,28588.65,36244.433333333334,69388.28333333333,326794.6166666667,131371.71666666667,0.713,0.287
독립문,N,52222.63333333333,51536.816666666666,42107.76666666666,48752.98333333333,320824.3833333333,136127.41666666666,0.702,0.298
행당,N,99067.4,21083.683333333334,28244.016666666663,71062.68333333333,357372.0833333334,86722.16666666666,0.805,0.195
길동,N,66584.96666666667,33105.96666666666,37749.65,68414.61666666665,321585.3333333334,120963.56666666667,0.727,0.273
청구,Y,49427.916666666664,69587.45,58257.9,45974.71666666666,356260.0,84298.2,0.809,0.191
중앙보훈병원,N,77975.02702702704,36813.10810810811,33881.21621621621,54159.32432432432,307106.2702702703,124188.1081081081,0.712,0.288
구일,N,64410.05,33015.86666666667,34123.566666666666,71501.79999999999,358893.43333333335,71898.76666666666,0.833,0.167
경찰병원,N,64943.38333333333,53080.066666666666,44413.350000000006,52416.86666666666,344291.51666666666,76601.48333333334,0.818,0.182
거여,N,77070.5,32128.899999999998,33527.0,58840.98333333332,312775.0833333334,99533.66666666666,0.759,0.241
신방화,N,75494.15,23303.066666666666,26862.733333333334,64359.583333333336,329324.3333333334,81415.38333333333,0.802,0.198
방이,N,48832.56666666667,45435.38333333333,45058.86666666667,55752.88333333333,328502.23333333334,81542.31666666667,0.801,0.199
마곡,N,60193.78333333333,53517.48333333334,55621.21666666667,45097.51666666666,350502.05000000005,54545.399999999994,0.865,0.135
송파,N,61497.38333333333,40302.416666666664,40024.58333333333,53490.48333333333,316283.0333333333,85779.13333333333,0.787,0.213
방화,N,71132.16666666666,27836.583333333332,28400.950000000004,55431.416666666664,307080.8833333333,89985.63333333333,0.773,0.227
양천구청,N,77456.45,21221.2,23449.63333333333,68172.16666666666,311290.6,85298.73333333334,0.785,0.215
애오개,N,56913.566666666666,53356.816666666666,46867.916666666664,48811.50000000001,324173.8,70640.08333333334,0.821,0.179
증미,N,50032.86666666666,52470.76666666666,53295.85,48514.75,314033.1166666667,78649.06666666667,0.8,0.2
선유도,N,47065.11666666666,63057.299999999996,63152.05,42768.13333333333,342555.43333333335,47599.7,0.878,0.122
구산,N,83668.53333333333,20264.449999999997,27234.783333333333,52455.08333333333,289552.69999999995,100035.63333333333,0.743,0.257
개롱,N,61285.01666666666,33404.433333333334,33644.933333333334,55323.566666666666,296096.25,84506.29999999999,0.778,0.222
월드컵경기장(성산),N,25702.85,28018.416666666668,45758.11666666667,41734.21666666667,265667.31666666665,109136.5,0.709,0.291
몽촌토성(평화의문),N,35482.816666666666,53428.1,50102.433333333334,38741.683333333334,297190.2166666667,69049.29999999999,0.811,0.189
신금호,N,62528.2,28421.766666666666,28242.433333333334,55235.13333333333,282422.01666666666,73588.51666666666,0.793,0.207
녹사평(용산구청),N,21001.13333333333,34967.35,47723.96666666667,47658.149999999994,318440.2166666667,36007.01666666666,0.898,0.102
도봉,N,54465.3,22798.38333333333,26380.566666666666,47402.25,220144.0833333333,130848.95,0.627,0.373
월계,N,51760.25,29454.283333333333,29093.05,45228.0,244406.73333333334,106381.61666666667,0.697,0.303
반포,N,29552.11666666667,51668.01666666668,48592.333333333336,30374.183333333334,290311.2833333333,59744.13333333333,0.829,0.171
용마산,N,74767.71666666667,19521.5,21553.533333333333,52713.38333333333,277712.1666666666,69318.93333333333,0.8,0.2
상월곡(한국과학기술연구원),N,66638.6,25699.533333333333,26773.699999999997,46342.11666666667,268177.8,74578.81666666665,0.782,0.218
마장,N,49112.68333333333,34768.0,32791.96666666667,41485.416666666664,254602.21666666667,78234.96666666667,0.765,0.235
잠원,N,50762.416666666664,25726.733333333334,30980.15,43040.066666666666,262695.4166666667,64310.916666666664,0.803,0.197
중랑,N,59124.26666666666,15218.416666666666,20697.166666666668,52715.166666666664,227593.0,94939.03333333333,0.706,0.294
삼전,N,56594.75675675676,17774.91891891892,26372.83783783784,52239.37837837838,262689.2162162162,56098.729729729734,0.824,0.176
삼성중앙,N,16122.7,66439.18333333333,63663.76666666667,26493.833333333332,277345.6,39508.73333333334,0.875,0.125
개화산,N,52753.1,28691.433333333334,32208.8,40513.2,247989.3666666667,66078.86666666667,0.79,0.21
북한산보국문,N,55671.807692307695,18714.28846153846,24415.076923076922,47505.61538461539,239293.5576923077,74535.03846153847,0.762,0.238
마천,N,59820.316666666666,20291.183333333334,20473.8,46316.200000000004,217144.96666666667,94964.48333333334,0.696,0.304
샛강,N,14417.349999999999,55263.28333333334,53044.86666666667,28313.6,248690.53333333333,47634.45,0.839,0.161
솔샘,N,68270.51923076922,9404.538461538461,13914.038461538461,51697.90384615385,225643.40384615384,64950.32692307692,0.776,0.224
가좌,N,51651.51666666667,18049.45,22479.449999999997,39970.083333333336,199052.8,84150.46666666667,0.703,0.297
석촌고분,N,46922.94594594595,20229.972972972973,25262.08108108108,43764.16216216216,227951.59459459462,53949.54054054054,0.809,0.191
녹천,N,54428.16666666667,11994.283333333333,15837.516666666666,37157.36666666666,187454.66666666666,70577.85,0.726,0.274
동작(현충원),Y,30942.2,24315.716666666667,26229.483333333334,27246.899999999994,186204.51666666666,65610.06666666667,0.739,0.261
노들,N,47667.916666666664,10982.633333333333,17494.833333333332,36567.28333333334,187089.06666666668,56026.91666666667,0.77,0.23
한남,N,17102.166666666668,36562.149999999994,37304.21666666667,22511.15,183264.01666666663,57548.05,0.761,0.239
개화,N,61117.183333333334,13858.266666666666,21720.9,30743.783333333333,194432.59999999998,44973.23333333333,0.812,0.188
역촌,N,41791.26666666667,15833.416666666664,14660.133333333333,40748.71666666667,174776.2,63543.0,0.733,0.267
송파나루,N,31159.621621621627,16842.108108108107,22933.351351351354,39103.56756756757,191367.1891891892,41741.0,0.821,0.179
정릉,N,38783.69230769231,12617.057692307691,18261.153846153848,34369.980769230766,151967.07692307694,77283.80769230769,0.663,0.337
무악재,N,42870.683333333334,12356.466666666667,16096.233333333334,36602.25,169475.76666666666,59231.21666666666,0.741,0.259
가오리,N,41849.980769230766,10458.538461538461,13076.596153846154,34083.846153846156,137419.88461538462,81943.30769230769,0.626,0.374
신목동,N,44070.23333333333,11611.05,16022.933333333334,31650.533333333333,175379.85,34566.683333333334,0.835,0.165
개포동,N,22493.916666666668,20380.0,21482.483333333337,23880.933333333334,155422.71666666667,41358.6,0.79,0.21
창신,N,41286.55,15442.433333333334,12904.066666666668,22378.100000000002,151529.76666666666,33016.05,0.821,0.179
신반포,N,19971.066666666666,21635.36666666667,22366.4,21282.816666666666,143687.78333333333,40260.61666666667,0.781,0.219
대모산입구,N,28086.033333333333,17277.016666666666,19045.583333333332,20052.25,129942.51666666666,52937.166666666664,0.711,0.289
화계,N,32137.442307692312,9647.442307692307,11096.653846153846,25115.0,102872.75,71655.59615384616,0.589,0.411
공항시장,N,24632.18333333333,8924.233333333334,11907.949999999999,27359.216666666667,128734.03333333333,44589.58333333333,0.743,0.257
구반포,N,14077.233333333334,15826.916666666668,20823.066666666666,21294.15,128265.18333333335,42181.76666666666,0.753,0.247
독바위,N,34340.76666666666,8788.033333333333,8558.75,27749.483333333337,126789.1,42043.51666666666,0.751,0.249
북한산우이,N,22253.865384615383,15251.846153846154,13300.961538461539,15020.98076923077,101013.98076923078,65382.346153846156,0.607,0.393
4.19민주묘지,N,21012.98076923077,13074.288461538461,15137.98076923077,19541.78846153846,109305.94230769231,55935.63461538462,0.661,0.339
사평,N,23530.450000000004,13153.716666666667,17505.833333333332,22329.183333333334,133306.8,30065.433333333334,0.816,0.184
강일,N,31010.2,8700.699999999999,10451.099999999999,28995.0,118842.4,42323.7,0.737,0.263
용답,N,27410.25,8148.616666666667,10631.300000000001,23510.65,120859.96666666667,32147.683333333334,0.79,0.21
학여울,N,11743.666666666666,18536.5,18563.2,11735.283333333333,115777.85,28751.666666666668,0.801,0.199
수색,N,9488.016666666666,28938.633333333335,26056.816666666662,9533.516666666666,105852.25,29238.1,0.784,0.216
용두(동대문구청),N,16291.683333333332,12070.649999999998,13848.383333333335,17239.616666666665,89416.15,45231.566666666666,0.664,0.336
삼양사거리,N,19938.076923076922,8782.98076923077,9442.923076923076,19347.115384615383,70873.07692307694,63395.92307692308,0.528,0.472
솔밭공원,N,23843.442307692312,6285.423076923077,7512.903846153846,18851.115384615383,79340.05769230769,50371.519230769234,0.612,0.388
버티고개,N,18383.416666666664,11343.516666666666,14568.25,16514.883333333335,100538.38333333333,28451.1,0.779,0.221
서강대,N,8753.6,17248.86666666667,15802.016666666668,11577.833333333334,105463.53333333333,18390.266666666666,0.852,0.148
한성백제,N,16765.324324324323,9819.027027027027,13895.54054054054,15193.675675675677,95712.91891891892,22907.054054054053,0.807,0.193
삼양,N,18592.96153846154,6912.384615384615,7319.307692307692,17565.365384615387,65438.55769230769,50314.653846153844,0.565,0.435
서빙고,N,9802.65,16680.3,16011.283333333335,10942.683333333332,85160.73333333332,29116.86666666667,0.745,0.255
구룡,N,11727.416666666668,15238.4,11336.683333333334,10031.95,76661.0,27933.833333333332,0.733,0.267
응봉,N,19552.75,5956.116666666666,7495.766666666666,14347.05,70080.68333333333,31542.833333333332,0.69,0.31
남태령,N,18255.5,10813.383333333333,14093.733333333334,5986.816666666667,74526.45,15989.983333333334,0.823,0.177
신답,N,19130.333333333336,3869.2833333333333,5398.5,18350.95,70609.9,19692.6,0.782,0.218
도림천,N,7942.866666666667,12425.199999999999,8075.8,7033.316666666666,56393.35,13349.733333333334,0.809,0.191
신내,Y,8358.506666666666,8037.916666666666,6073.966666666667,7554.633333333333,42598.15999999999,18029.256666666668,0.703,0.297
둔촌오륜,N,7921.540540540542,6047.405405405405,5192.351351351351,6142.054054054053,41800.67567567568,10194.945945945947,0.804,0.196
