연번,호선,역번호,역명,구분,2021년1월,2021년2월,2021년3월,2021년4월,2021년5월,2021년6월,2021년7월,2021년8월,2021년9월,2021년10월,2021년11월,2021년12월
1,1,150,서울역,승차,96145,96348,128841,129618,126996,130131,115976,112574,117336,140544,142590,123773
2,1,150,서울역,하차,89987,90123,121362,122614,120488,123525,109893,107251,112294,134782,135422,116706
3,1,151,시청,승차,35764,36928,49878,49686,47164,48723,44137,43505,44951,53922,58352,52404
4,1,151,시청,하차,33840,35192,48518,48051,47078,48728,42906,42220,44145,54413,58588,52199
5,1,152,종각,승차,67225,71667,91828,88536,88797,90465,83938,83341,81862,91964,97337,95087
6,1,152,종각,하차,62538,67011,85771,83183,84101,85809,78926,77777,77001,86613,90578,89066
7,1,153,종로3가,승차,156745,169500,224558,215387,213648,218921,197536,204372,208811,234360,233288,212521
8,1,153,종로3가,하차,146500,158449,211295,201008,200777,204726,186552,192976,195661,219001,217853,200221
9,1,154,종로5가,승차,150305,155159,210933,205036,205107,208599,189677,184876,190545,210861,201163,191506
10,1,154,종로5가,하차,143700,149634,204530,198838,196981,200905,181921,177051,184110,203657,192583,182961
11,1,155,동대문,승차,69456,71064,90901,90742,93026,92187,84519,80660,85523,96062,94114,87916
12,1,155,동대문,하차,68982,69958,90862,90247,92685,92190,83478,80175,84410,95947,93422,86326
13,1,156,신설동,승차,67258,70913,88446,87281,85810,86570,79546,79449,84560,90578,91248,84697
14,1,156,신설동,하차,65482,68168,85881,84154,82743,83345,76875,77132,81666,87992,87456,81991
15,1,157,제기동,승차,180053,182266,225362,220999,206683,206579,182943,188302,216485,223709,219501,199922
16,1,157,제기동,하차,194394,197760,240396,237574,221734,223237,197646,204478,236158,240702,235567,214604
17,1,158,청량리,승차,174581,179432,211761,209780,204806,202248,185338,190341,201805,208072,200726,189395
18,1,158,청량리,하차,176863,182135,212715,209822,207601,207245,189973,195812,207958,211770,205496,191025
19,1,159,동묘앞,승차,94306,99429,122303,122843,125240,117015,100127,106005,116453,129944,114966,102235
20,1,159,동묘앞,하차,95795,101413,124444,124540,126052,117823,100421,106084,117289,130485,115862,103076
21,2,201,시청,승차,26424,26656,35537,34789,32789,34833,31736,31099,30765,36619,39778,36671
22,2,201,시청,하차,22784,23443,31601,30828,29048,30281,28092,28111,27823,32448,36093,32975
23,2,202,을지로입구,승차,51578,51693,67343,65115,60666,65810,58440,57405,58825,66517,70242,69472
24,2,202,을지로입구,하차,47706,48185,63215,60207,56358,61177,54573,52806,55105,61667,64930,64276
25,2,203,을지로3가,승차,42085,42026,54779,53742,51809,53573,49606,47233,47477,52842,58131,56172
26,2,203,을지로3가,하차,40352,41136,53277,52664,50589,52506,47924,46115,46800,52604,57433,55184
27,2,204,을지로4가,승차,62516,54971,68678,66102,62953,65599,61642,61269,62261,64597,66833,66254
28,2,204,을지로4가,하차,62436,53824,67650,65403,62162,64108,59713,60745,61518,64350,65820,64832
29,2,205,동대문역사문화공원,승차,29679,29151,39669,38445,38610,40063,36579,34686,35587,41039,41727,39748
30,2,205,동대문역사문화공원,하차,31029,30869,42038,40956,41692,42692,38653,36907,37857,44407,44863,42467
31,2,206,신당,승차,56809,58003,72377,71344,71344,71365,66820,67224,68836,74593,73684,69412
32,2,206,신당,하차,58229,59370,74277,73318,73039,72978,68408,68623,70566,76278,75239,70969
33,2,207,상왕십리,승차,35538,35637,47314,48006,48154,49198,46192,44820,46092,50957,51703,48947
34,2,207,상왕십리,하차,36426,36663,48161,48890,49077,50384,46872,46017,47368,51753,52370,49849
35,2,208,왕십리,승차,26985,26647,35135,35032,34809,35880,32333,31612,32504,36925,37558,35028
36,2,208,왕십리,하차,23752,23472,29996,30068,29615,30545,27909,26897,26551,30880,31561,30371
37,2,209,한양대,승차,6426,5827,8116,8183,8241,8401,7358,7282,7573,8700,9083,8362
38,2,209,한양대,하차,6621,6146,8835,8717,8556,8841,7555,7263,7943,9136,9698,8685
39,2,210,뚝섬,승차,30342,30743,39884,41214,39300,41402,36760,35614,38207,42283,44118,41825
40,2,210,뚝섬,하차,30753,31048,40275,41451,39764,41813,37501,36351,38649,42803,44411,42489
41,2,211,성수,승차,53443,52867,67733,66899,64968,67145,62260,60013,62055,68706,70827,69133
42,2,211,성수,하차,54772,54167,69101,68502,66374,68320,63282,61064,63438,69889,72315,70343
43,2,212,건대입구,승차,46802,47584,62475,62177,60888,62479,55854,54105,58467,65409,65243,61836
44,2,212,건대입구,하차,48717,49678,65135,64559,63542,65093,58459,56661,60562,67855,68269,64877
45,2,213,구의,승차,56304,56919,72306,71075,71166,72227,67277,65929,68693,76007,76800,72776
46,2,213,구의,하차,58901,59041,74649,73680,73235,74674,69676,68157,70393,77806,78787,75047
47,2,214,강변,승차,58484,62622,82308,81833,81970,83443,73491,72181,78549,91400,90677,78825
48,2,214,강변,하차,56813,60863,80103,80417,80233,81759,72491,70936,77377,90992,89115,76326
49,2,215,잠실나루,승차,44306,44828,59242,58783,57392,60361,53910,53250,55888,62126,65165,59531
50,2,215,잠실나루,하차,44524,45343,59671,59540,57843,60756,54259,53740,56085,62723,65670,59888
51,2,216,잠실,승차,91409,95522,129200,122986,123256,125968,114179,111968,114150,139150,141323,127288
52,2,216,잠실,하차,88000,91660,124020,117828,118362,121097,110554,106842,108997,131330,133882,121845
53,2,217,잠실새내,승차,56273,57749,75135,74372,73185,75493,69729,68869,72346,80240,83267,78330
54,2,217,잠실새내,하차,56289,57724,75107,74443,73499,75262,69579,69037,72433,80359,83485,78311
55,2,218,종합운동장,승차,17881,19636,27992,29152,29083,30458,27107,25636,27689,32860,34140,28495
56,2,218,종합운동장,하차,18495,20266,28852,30364,30198,31942,28212,26708,29105,34163,36548,29450
57,2,219,삼성,승차,58675,58612,79512,75681,74994,77570,66437,67513,67754,79388,87251,86884
58,2,219,삼성,하차,52242,52711,72394,68934,69425,71261,59659,60935,61357,73031,80462,79571
59,2,220,선릉,승차,124361,125109,169836,162232,151519,161025,149213,144340,140192,160183,171803,160262
60,2,220,선릉,하차,110509,111343,152060,144289,135375,143842,132440,128440,124574,142444,152455,141713
61,2,221,역삼,승차,82199,80942,112482,113173,105413,107045,99586,97479,95628,108846,116176,109557
62,2,221,역삼,하차,80875,80823,112468,113276,105982,108169,99890,97990,96785,109618,116977,109780
63,2,222,강남,승차,96027,95438,123891,121798,118428,122429,116869,109396,111045,121513,129617,125309
64,2,222,강남,하차,84304,83829,109943,107713,104755,108096,103077,96172,98479,108276,115732,111755
65,2,223,교대,승차,80744,82922,110807,108894,102733,109609,99127,96578,100702,112933,123533,111830
66,2,223,교대,하차,88991,91927,123741,121682,114636,122355,110158,107810,112875,127494,140419,125310
67,2,224,서초,승차,39676,41760,55592,55574,52824,56328,48150,46649,49599,57553,63762,55114
68,2,224,서초,하차,38832,41104,55207,54526,52830,56082,47761,46086,49305,57223,62428,54730
69,2,225,방배,승차,40320,41278,54301,53458,52223,54557,47887,46563,49656,56764,59436,55226
70,2,225,방배,하차,39733,41098,54225,53105,51794,54063,47381,46325,49078,56044,58791,54283
71,2,226,사당,승차,92782,96515,129276,126017,122373,126392,113315,112176,119300,140678,149119,130177
72,2,226,사당,하차,88575,93125,124457,122469,119077,122163,108745,107889,115170,136471,143863,125784
73,2,227,낙성대,승차,58410,60456,77745,76503,74770,76359,69804,68958,71101,79968,78838,74949
74,2,227,낙성대,하차,60023,62200,80190,79244,77379,79123,72403,71450,73361,81663,80657,76914
75,2,228,서울대입구,승차,102317,105394,135728,133251,130208,132447,126470,124099,126710,140489,139185,131669
76,2,228,서울대입구,하차,98632,101630,131370,127907,125491,127618,121125,118824,121927,135155,134416,126423
77,2,229,봉천,승차,76451,77638,101861,100749,100094,100967,95822,93298,96198,105163,104399,98827
78,2,229,봉천,하차,78422,79190,103109,101784,101226,101280,96968,94847,97199,105871,105590,100456
79,2,230,신림,승차,119529,121392,156848,154515,154024,155645,145735,142768,149020,169583,166856,156296
80,2,230,신림,하차,123056,124153,160027,158678,156884,158875,150100,146376,151902,172000,169886,160484
81,2,231,신대방,승차,66452,68764,90050,90344,88875,90105,83310,81629,85666,95228,94769,88130
82,2,231,신대방,하차,68209,70304,91737,91925,90532,91956,84601,82938,86373,96395,96721,89859
83,2,232,구로디지털단지,승차,89234,90784,122368,116651,110999,115466,108042,104592,105944,119436,124699,116946
84,2,232,구로디지털단지,하차,90940,92456,124270,117946,112207,117194,109910,106644,107700,121357,126153,118835
85,2,233,대림,승차,64210,64587,85705,85873,84113,84516,76619,75885,79634,88842,89396,84111
86,2,233,대림,하차,66308,66668,88816,88697,86390,87524,79283,78823,82614,91763,92543,87373
87,2,234,신도림,승차,101744,103492,136700,134154,132383,135932,124454,120455,124415,142843,143753,131054
88,2,234,신도림,하차,96634,97973,130803,126849,125495,129325,117190,112989,117364,135498,135791,123652
89,2,235,문래,승차,41288,41341,54745,54597,53708,55675,50602,49508,52072,59072,61078,55888
90,2,235,문래,하차,40687,40604,54320,54086,53232,55047,50284,49157,51730,58460,60804,55411
91,2,236,영등포구청,승차,54329,54961,71580,72093,71253,72619,64583,62592,66247,73003,75364,71802
92,2,236,영등포구청,하차,54080,54753,70839,71651,70819,71850,63444,61384,65208,71809,74500,70742
93,2,237,당산,승차,31057,32044,43352,42287,41640,41148,36142,35789,39183,44055,44642,40799
94,2,237,당산,하차,33948,35295,47518,46308,45258,45025,40001,39424,43136,48746,49006,44815
95,2,238,합정,승차,35223,36568,48084,47247,47062,47898,42500,41946,43805,50331,50449,45998
96,2,238,합정,하차,34665,35903,48328,47197,46764,47348,41846,41418,43259,50059,50360,45526
97,2,239,홍대입구,승차,49422,50207,65867,66191,64290,65661,60122,59432,61784,69591,69692,64524
98,2,239,홍대입구,하차,46908,48080,62787,62478,60912,62131,56648,56206,58810,66194,66045,61507
99,2,240,신촌,승차,64550,65909,86017,85567,83824,86869,79596,77982,78855,87453,91592,84766
100,2,240,신촌,하차,62933,64293,84831,84785,82416,85793,77627,76429,77743,86371,90301,83018
101,2,241,이대,승차,22325,23760,32336,33448,32003,34027,30223,29673,32498,35961,37548,33225
102,2,241,이대,하차,22893,24342,32841,33808,32880,34772,31142,30814,33338,36977,38481,34634
103,2,242,아현,승차,36416,37179,46894,47563,46211,47175,43961,42838,44645,49074,49170,46216
104,2,242,아현,하차,36487,37168,47045,47155,45878,47226,44027,42699,44317,48528,48914,46172
105,2,243,충정로,승차,26010,25942,33184,32615,32433,33236,31586,30856,32076,34972,35346,33663
106,2,243,충정로,하차,25940,25962,33115,33065,33168,33356,31630,31034,32128,34691,35191,33549
107,2,244,용답,승차,10616,10697,13923,13367,13212,13383,12332,12549,13209,13949,13561,13184
108,2,244,용답,하차,9858,10171,13423,12952,12980,13085,11917,12286,12736,13742,13259,12939
109,2,245,신답,승차,5656,5662,7212,6827,6799,6982,6367,6527,6769,7335,7254,6809
110,2,245,신답,하차,6190,6222,8099,7644,7528,7699,6955,7005,7180,7876,7954,7563
111,2,246,신설동,승차,20120,20517,24070,23961,24857,23213,21174,21539,22753,25550,24985,23348
112,2,246,신설동,하차,22193,22361,25559,25185,26197,25011,22764,23515,24565,23501,27062,25194
113,2,247,도림천,승차,4342,4169,5274,5387,5405,5838,5229,5087,5169,5659,5781,5438
114,2,247,도림천,하차,4554,4458,5637,5684,5865,6262,5583,5171,5295,5950,6186,5908
115,2,248,양천구청,승차,24310,25572,33201,33471,33211,34345,30014,29219,32142,35665,36209,33336
116,2,248,양천구청,하차,25033,25999,33818,34277,34114,34928,30803,29757,32711,36172,36758,34108
117,2,249,신정네거리,승차,38228,38846,51390,51202,50259,50594,46782,46874,48881,55469,54420,49674
118,2,249,신정네거리,하차,39297,39898,52552,52554,51298,51679,48253,47942,49709,56115,55440,50787
119,2,250,용두,승차,14097,14483,17032,17072,16625,17157,16129,15704,17467,17341,17203,17223
120,2,250,용두,하차,15252,15512,18500,18356,17469,18105,16991,16496,18534,18612,18719,18338
121,3,309,지축,승차,8966,9948,14106,15020,15053,15105,13924,15242,16666,18437,18261,17420
122,3,309,지축,하차,9228,10126,14249,15232,15037,14994,13790,14906,16187,18025,18030,16889
123,3,310,구파발,승차,60318,63492,83590,83649,83681,84262,77756,76348,79530,89422,89420,82515
124,3,310,구파발,하차,57929,61112,79746,80595,80351,81053,75152,73549,76868,86258,85732,79508
125,3,311,연신내,승차,143376,150329,190193,193308,191038,192846,178986,177512,185219,202019,197881,185348
126,3,311,연신내,하차,140152,146181,186221,188057,186955,188265,174924,174196,180107,196599,192919,181070
127,3,312,불광,승차,77152,80281,103152,102826,104038,105410,95504,93829,102294,112018,109276,101178
128,3,312,불광,하차,84548,88385,113576,113571,115043,116096,104859,102597,112329,123139,120746,111841
129,3,313,녹번,승차,40470,41026,53590,53521,54192,55509,50317,49566,52876,57935,59182,55870
130,3,313,녹번,하차,40740,41107,53476,53596,54138,55271,50271,49527,52736,57733,58535,55345
131,3,314,홍제,승차,80352,82683,106540,105637,103777,102918,94010,93320,99110,109622,108961,101475
132,3,314,홍제,하차,79914,81882,105641,104469,101966,101184,92681,91756,96522,106948,106845,100266
133,3,315,무악재,승차,15823,16630,21138,21204,21051,21578,19346,19600,20822,23431,23094,21321
134,3,315,무악재,하차,17572,18499,23572,23500,23095,23642,21510,21951,23027,25762,25660,23731
135,3,316,독립문,승차,38840,41378,54059,54523,54206,53442,45988,45815,50424,56355,54806,48795
136,3,316,독립문,하차,38241,41102,54113,54534,54304,53009,44499,44678,49900,56063,54750,47926
137,3,317,경복궁,승차,39171,42883,56015,57019,55811,55863,47919,46858,52678,61989,67956,56555
138,3,317,경복궁,하차,36675,40794,53325,55247,53898,52561,44636,43595,49803,60156,66700,54105
139,3,318,안국,승차,32924,38963,54969,54154,55591,57495,49145,49560,53623,66635,73921,56607
140,3,318,안국,하차,32894,39132,56174,54740,56804,58594,49429,50434,55567,69378,77641,57631
141,3,319,종로3가,승차,29890,31085,40192,39460,38616,40060,37343,36987,38328,42361,43389,41057
142,3,319,종로3가,하차,32707,34450,44394,43069,42718,44347,40431,40211,42126,47545,47332,44520
143,3,320,을지로3가,승차,32181,30829,39912,38425,37155,38730,36788,35518,34714,37981,40969,40101
144,3,320,을지로3가,하차,31067,29620,38549,37011,35389,36683,34722,33417,33257,35947,38900,38203
145,3,321,충무로,승차,0,0,0,0,0,0,0,,,0,0,0
146,3,321,충무로,하차,0,0,0,0,0,0,0,,,0,0,0
147,3,322,동대입구,승차,16157,18021,23910,25845,24413,24458,20988,21253,23346,28158,29417,23165
148,3,322,동대입구,하차,17846,19533,26089,29307,26691,26323,22185,22419,25390,31364,33871,25536
149,3,323,약수,승차,44012,45634,58328,58012,58049,60157,55412,54578,57012,62660,63312,59378
150,3,323,약수,하차,42187,43564,55595,55670,55254,56854,52697,51443,54748,60020,59866,56317
151,3,324,금호,승차,31416,32389,41366,41164,40637,40933,37896,37333,38406,42479,42512,40729
152,3,324,금호,하차,31698,32364,41497,41635,40694,40901,37870,37275,38611,42456,42176,40311
153,3,325,옥수,승차,33284,34660,45405,45310,44698,45415,41062,41181,43001,47753,46660,42866
154,3,325,옥수,하차,33733,34821,45247,45536,45139,45625,41692,41744,42755,48095,47120,43585
155,3,326,압구정,승차,73851,75847,99056,97642,94523,98430,88394,84817,89508,101502,107407,99866
156,3,326,압구정,하차,71254,73640,95896,94730,91916,95178,85437,81988,87256,99270,105493,97981
157,3,327,신사,승차,42556,41930,53896,52957,50757,52232,48875,47175,48854,55865,58487,56381
158,3,327,신사,하차,39977,39729,51678,49955,48156,49590,46078,44156,46082,53364,56038,53512
159,3,328,잠원,승차,17063,17644,23553,23477,22629,23592,20745,20365,21568,24444,25595,23774
160,3,328,잠원,하차,16489,17144,22861,22958,22023,23026,20326,19846,21223,23860,25073,23213
161,3,329,고속터미널,승차,87507,91916,122025,120198,120387,125598,111456,108831,114207,134295,134813,123447
162,3,329,고속터미널,하차,83235,87942,116462,115606,114640,119278,107077,103641,110387,130314,131095,118283
163,3,330,교대,승차,34647,36078,48537,47317,44789,48024,42439,41602,44072,50095,55426,49382
164,3,330,교대,하차,21774,22510,29651,28835,27646,29459,25766,25131,26844,30084,33260,30182
165,3,331,남부터미널,승차,61956,64222,85104,83862,82985,85889,77530,75579,80049,90732,96720,85713
166,3,331,남부터미널,하차,61696,65198,85732,84776,83653,87258,78208,75846,81658,92387,98249,86524
167,3,332,양재,승차,75190,79256,105201,104813,105366,108689,95200,92551,96563,111638,119464,109464
168,3,332,양재,하차,75054,79761,106267,105518,105369,108620,95205,92540,97876,113519,120503,110581
169,3,333,매봉,승차,33283,34030,45866,45509,43907,46109,40959,40157,42896,48376,51841,46516
170,3,333,매봉,하차,30887,31569,42549,42457,41208,42554,37564,37073,39462,44906,48073,42902
171,3,334,도곡,승차,16192,15681,19956,21159,20477,19438,16994,16483,17382,20073,21536,19584
172,3,334,도곡,하차,14840,14285,18695,19715,18858,18048,15596,15211,16216,18912,20531,17986
173,3,335,대치,승차,35253,36751,47200,47093,44970,45882,42448,41876,44332,48706,51483,48887
174,3,335,대치,하차,33839,35103,45120,44728,42929,43905,40797,40143,42614,46693,49503,47022
175,3,336,학여울,승차,7665,8254,10955,11937,12031,10640,9595,9203,10355,13932,15033,10723
176,3,336,학여울,하차,7399,8019,10724,11717,11844,10407,9356,8906,10278,13823,14813,10737
177,3,337,대청,승차,30652,30848,40196,40194,40242,42043,37811,36305,39049,42619,44988,41851
178,3,337,대청,하차,29769,30104,39078,39248,38940,40533,36885,35671,37732,41300,43395,40578
179,3,338,일원,승차,33787,33422,43618,43258,42244,45255,40564,39558,41570,44919,47962,45565
180,3,338,일원,하차,33812,33012,43870,43372,42389,45491,40430,39704,41666,45006,47936,45512
181,3,339,수서,승차,49703,51150,68533,68344,67306,69165,62514,60759,64448,73496,76570,70040
182,3,339,수서,하차,49847,50793,67654,67833,66875,68491,62281,60287,64048,73052,75659,68675
183,3,340,가락시장,승차,45622,47186,58264,57158,55756,57349,52639,52597,52876,56700,59840,54460
184,3,340,가락시장,하차,44047,46037,56791,56081,54231,55785,51620,51224,51747,54946,58326,53353
185,3,341,경찰병원,승차,23601,23516,29856,29424,28570,29481,27467,27256,27900,30881,31982,30593
186,3,341,경찰병원,하차,24535,24349,30748,30345,29565,30488,28116,28278,28732,31912,33144,31571
187,3,342,오금,승차,14679,15247,20032,19768,19775,20224,18662,18087,19082,21417,22273,20544
188,3,342,오금,하차,14169,15008,19788,19258,19271,19776,17977,17600,18716,20669,21500,19895
189,4,409,당고개,승차,47962,49948,64809,65737,66121,65102,62464,61392,62918,67231,65439,61453
190,4,409,당고개,하차,47433,49392,64230,65115,65817,64872,62517,61591,62878,67139,64755,61096
191,4,410,상계,승차,62537,63850,81607,83126,81480,81920,77419,75538,79787,86866,85347,80861
192,4,410,상계,하차,62126,63008,81111,82536,80626,81188,76728,74970,78849,85384,83855,80411
193,4,411,노원,승차,44789,46829,60768,60532,59809,60223,54592,53727,56798,62924,62730,60101
194,4,411,노원,하차,44152,45906,59905,59695,58821,58998,53453,52587,55571,62008,62753,59679
195,4,412,창동,승차,109946,116215,144348,140184,140643,140149,122911,122103,130103,138946,145504,135863
196,4,412,창동,하차,115419,121503,150014,146063,146495,145126,128699,128013,135414,144295,152091,141414
197,4,413,쌍문,승차,87990,90627,115492,115012,113998,114843,105581,103871,108901,119782,119764,113674
198,4,413,쌍문,하차,88098,90217,115131,114866,112466,114297,104502,103120,107705,118875,118377,113438
199,4,414,수유,승차,103532,106146,136815,137230,133472,133360,122849,121451,126769,140297,140915,133775
200,4,414,수유,하차,104076,106045,136908,137644,133379,133144,123396,121998,126347,139842,140831,134908
201,4,415,미아,승차,61737,63400,80544,80077,78554,78188,73317,71549,74035,80348,80085,77447
202,4,415,미아,하차,63868,65441,82664,81751,79934,80294,75321,73140,75824,82769,82624,79955
203,4,416,미아사거리,승차,99182,101447,131687,130301,128384,128696,118838,116929,121279,135640,133158,125602
204,4,416,미아사거리,하차,99833,101047,131883,130100,127801,128091,119546,116498,120456,134852,132532,126367
205,4,417,길음,승차,61663,63136,81842,81383,79871,80290,72730,72553,76237,84155,87161,80931
206,4,417,길음,하차,62537,63985,82363,82268,80778,80972,73469,73587,76261,84553,87636,81748
207,4,418,성신여대입구,승차,46213,47780,61299,61701,61063,60882,54777,54099,56949,63357,62096,60469
208,4,418,성신여대입구,하차,44852,46755,59779,59645,59388,59064,53780,53732,55907,62236,61569,59250
209,4,419,한성대입구,승차,39920,42024,53791,53852,54648,53670,49631,49043,52738,58256,58440,54000
210,4,419,한성대입구,하차,39935,41915,53127,53576,54281,53205,49072,48295,51890,57425,57589,53103
211,4,420,혜화,승차,66854,66749,86130,85531,82106,87932,79026,77453,81176,88572,93424,87268
212,4,420,혜화,하차,65581,65955,86095,85012,81676,87018,77480,76419,79734,87730,94815,87008
213,4,421,동대문,승차,82043,81993,123380,120823,116207,118864,106887,95463,99799,117611,114412,106254
214,4,421,동대문,하차,80086,80696,119549,118165,113744,115587,103456,93011,97986,114538,112211,104010
215,4,422,동대문역사문화공원,승차,30370,29850,39830,37818,37960,39011,35931,34904,34598,39951,42446,40621
216,4,422,동대문역사문화공원,하차,27381,27104,35880,33968,34296,35073,32162,31211,31607,36656,38191,36381
217,4,423,충무로,승차,64059,63772,82545,83394,78982,81985,75291,72271,75172,84861,92761,83663
218,4,423,충무로,하차,63875,63649,82944,83857,79374,82388,75079,72122,75198,85114,92676,83709
219,4,424,명동,승차,27973,29401,38833,40842,38780,40404,34015,33806,36141,42194,45553,43579
220,4,424,명동,하차,28255,29952,40139,42229,40300,42098,34589,34557,37278,43972,47276,44686
221,4,425,회현,승차,88173,92801,140545,136335,135801,144630,122585,112943,120209,146645,139364,128250
222,4,425,회현,하차,87323,92442,140294,135592,135584,144960,122016,112506,120759,147665,140681,128477
223,4,426,서울역,승차,18895,19143,24517,24491,23354,24122,22915,22614,22876,25607,26551,24308
224,4,426,서울역,하차,20951,21450,28109,28393,27737,28708,25622,24976,26371,31926,33865,28986
225,4,427,숙대입구,승차,27097,27379,35936,36004,34983,35876,33648,32594,33841,37039,38025,36653
226,4,427,숙대입구,하차,25316,25654,33676,33447,32565,33484,31473,30573,31575,34498,35958,34073
227,4,428,삼각지,승차,12159,12469,16392,16103,16050,16607,14430,14537,14986,16702,16871,15901
228,4,428,삼각지,하차,12598,13012,17016,16856,16878,17384,14973,15180,15690,17970,17987,16822
229,4,429,신용산,승차,26112,26336,33632,32778,32401,33424,31193,30645,32011,36412,38195,34910
230,4,429,신용산,하차,25976,26366,34015,33183,32873,33891,31487,30897,32372,36849,38458,35111
231,4,430,이촌,승차,23474,25281,33686,33994,33955,34726,30243,29629,31544,35150,35694,33278
232,4,430,이촌,하차,25477,27238,36468,36668,36251,37127,32189,31189,33593,37180,38043,35372
233,4,431,동작,승차,14959,15463,20600,21532,20499,21212,16558,15417,16358,17327,15086,11715
234,4,431,동작,하차,14307,14811,20372,21330,20676,21036,15859,14578,15833,16979,15233,11570
235,4,432,총신대입구,승차,83039,87177,111517,110731,110817,112231,100523,101311,109686,126588,115991,109232
236,4,432,총신대입구,하차,88203,92658,117857,116455,116402,118091,106664,107529,115829,133682,123110,115881
237,4,433,사당,승차,43157,45624,60659,59598,59701,60976,54166,53522,57496,67744,69684,62069
238,4,433,사당,하차,42714,44607,59967,58663,57976,59596,52731,51703,56682,67798,70413,61226
239,4,434,남태령,승차,4960,5094,6541,6616,6710,6625,6096,6232,6743,7187,7024,6556
240,4,434,남태령,하차,4725,4888,6332,6380,6526,6505,5929,5834,6532,6860,6595,6054
241,5,2511,방화,승차,25846,27023,35252,35462,35068,35551,33224,33278,34250,37873,37089,34952
242,5,2511,방화,하차,25095,26029,33972,34123,33810,34487,32834,32426,33230,36876,36193,34407
243,5,2512,개화산,승차,18320,19394,25263,25588,25273,25980,24003,23747,24831,27198,27134,26139
244,5,2512,개화산,하차,19014,19960,25864,26141,25810,26188,24392,24370,25454,27967,27572,26369
245,5,2513,김포공항,승차,15974,15786,21091,22115,21837,21499,23946,21615,19507,22917,23180,21918
246,5,2513,김포공항,하차,17362,17450,23679,24479,24588,23854,25606,23439,21482,25294,25370,23519
247,5,2514,송정,승차,26622,28411,37843,38191,37649,37620,33493,33318,36206,39643,39569,36244
248,5,2514,송정,하차,26456,27991,37366,37605,36756,36297,32351,32298,34956,38978,38893,35594
249,5,2515,마곡,승차,18954,19319,25756,26425,26795,26494,24585,24032,25555,27992,28733,26981
250,5,2515,마곡,하차,18324,18847,25287,26136,26334,26254,24099,23701,25000,27356,28038,26633
251,5,2516,발산,승차,42675,44025,59188,59524,58499,60616,55042,53932,56829,64476,66163,61342
252,5,2516,발산,하차,41077,42200,57086,57482,56398,58491,52762,51778,55079,62580,64326,59450
253,5,2517,우장산,승차,49404,51168,64403,65850,63474,65516,59935,59813,61725,67903,69054,64430
254,5,2517,우장산,하차,51897,53670,67452,68637,66562,68843,63300,63052,64565,70922,72027,67451
255,5,2518,화곡,승차,76316,78701,102300,101930,99936,101273,92736,92326,97302,107708,107190,101830
256,5,2518,화곡,하차,73401,75598,98717,98098,95979,97089,88646,88510,93403,103505,103233,98241
257,5,2519,까치산,승차,84463,87325,112764,112511,111281,110485,104006,102782,107774,117934,118215,110709
258,5,2519,까치산,하차,87325,89666,114720,114399,113087,112795,106745,105296,109602,119882,119750,113084
259,5,2520,신정,승차,32623,32908,42758,42358,41366,41720,38920,38028,39759,44155,43897,42376
260,5,2520,신정,하차,32398,32345,42056,41950,41085,41649,38732,38100,39872,44196,43622,41773
261,5,2521,목동,승차,45588,46837,61001,60422,59311,60528,55153,54612,56666,63366,63167,59379
262,5,2521,목동,하차,46556,47533,61799,61275,60107,61231,54814,54556,56738,63454,63512,59968
263,5,2522,오목교,승차,45455,46423,61167,60519,59629,59548,53931,52170,54825,61811,62939,59402
264,5,2522,오목교,하차,45169,46121,60871,60177,59242,59554,54153,52610,54579,62006,63025,59555
265,5,2523,양평,승차,15924,15666,20574,20245,19961,20165,18369,18186,18567,19904,20609,19586
266,5,2523,양평,하차,15536,15433,20186,19883,19755,19785,17943,17918,18483,19661,20146,19287
267,5,2524,영등포구청,승차,11705,11729,15203,15171,14759,14679,13229,12813,13569,14463,14723,13983
268,5,2524,영등포구청,하차,11438,11445,14645,14677,14351,14412,13048,12733,13362,14369,14574,13807
269,5,2525,영등포시장,승차,33822,34342,45595,44802,42241,42107,38827,38775,39848,44399,49244,47406
270,5,2525,영등포시장,하차,33869,34957,46867,46150,42994,43147,39485,39126,40778,45194,50999,48741
271,5,2526,신길,승차,6025,6109,8543,8373,8170,8285,6948,6790,7062,8095,8262,7694
272,5,2526,신길,하차,6257,6400,8730,8764,8290,8437,7167,7085,7357,8436,8648,8140
273,5,2527,여의도,승차,26884,27661,38762,36529,34222,35738,30972,30416,30986,35271,38204,36824
274,5,2527,여의도,하차,23819,25081,35336,33648,31613,32627,28122,27603,28591,32715,35195,33869
275,5,2528,여의나루,승차,13405,15541,23509,21807,20948,20370,17003,16128,18143,20818,20906,18890
276,5,2528,여의나루,하차,12913,15515,24243,21221,20672,20048,16243,15308,17473,19848,20142,18178
277,5,2529,마포,승차,33680,34349,44797,43882,43325,44095,40734,40246,42026,46626,48567,45477
278,5,2529,마포,하차,32662,33594,43988,43320,42928,43098,39266,39144,40869,45671,47676,44568
279,5,2530,공덕,승차,22464,23556,31784,31032,30204,31161,27003,26524,28849,32159,33226,30923
280,5,2530,공덕,하차,21001,22098,29854,28851,28096,28975,25395,24824,26818,29893,31230,28840
281,5,2531,애오개,승차,19707,20175,26185,27018,25718,26785,24096,23615,24889,26621,27481,26683
282,5,2531,애오개,하차,19373,19601,25394,26165,25304,25843,23259,22773,23774,25946,27137,26167
283,5,2532,충정로,승차,7268,7483,10043,9817,9376,9702,9324,9170,9344,10167,10421,10119
284,5,2532,충정로,하차,7482,7690,10266,9870,9620,10177,9573,9600,9909,10660,10980,10553
285,5,2533,서대문,승차,33704,34402,43203,43037,43434,44503,39782,39385,40682,45372,47635,45437
286,5,2533,서대문,하차,31750,32626,40886,40872,41100,41743,37300,36567,37914,42293,44679,42466
287,5,2534,광화문,승차,33491,35442,46917,45214,45042,45903,40978,40679,42089,49277,53411,50994
288,5,2534,광화문,하차,31357,33392,44296,43281,42960,44294,38742,38828,40347,48115,51228,49025
289,5,2535,종로3가,승차,45948,49685,66162,64023,65145,66542,61514,61750,62824,71708,72407,66769
290,5,2535,종로3가,하차,50070,54326,71682,70314,71036,72126,66521,67296,68507,76308,76413,70693
291,5,2536,을지로4가,승차,26276,27562,35720,34521,33235,34831,31929,31474,31979,34227,35088,34716
292,5,2536,을지로4가,하차,24565,27230,35564,34259,33314,34722,31994,30623,32011,33736,34100,33687
293,5,2537,동대문역사문화공원,승차,4962,4781,6140,5622,5749,6010,5929,5540,5451,5852,6363,6281
294,5,2537,동대문역사문화공원,하차,5330,5184,6856,6328,6474,6758,6525,6077,6033,6455,6839,6818
295,5,2538,청구,승차,14601,14708,18821,18531,18516,18970,17670,17183,18070,19514,19361,18453
296,5,2538,청구,하차,11458,11614,14892,14336,13929,14508,13812,13927,14040,15366,15434,14938
297,5,2539,신금호,승차,20313,21197,26982,26961,26677,27217,24584,24633,25666,28316,27961,26707
298,5,2539,신금호,하차,23156,23979,31047,31006,30423,31059,28386,28324,29339,32417,32258,30390
299,5,2540,행당,승차,27784,28172,36144,36463,36173,37673,34142,33196,34505,37708,38442,35754
300,5,2540,행당,하차,25498,25661,32582,32901,32757,33934,30620,29905,31098,33911,34618,32936
301,5,2541,왕십리,승차,12302,12503,16300,16275,16061,15727,14565,14214,14415,15991,16720,16008
302,5,2541,왕십리,하차,11588,11859,15668,15697,15575,15415,14029,13892,14155,15982,16558,15809
303,5,2542,마장,승차,22425,23317,27851,27474,27438,27348,24591,24347,27980,28578,29233,28675
304,5,2542,마장,하차,22702,23176,27381,26819,26754,26553,24048,23844,27597,27886,28561,27941
305,5,2543,답십리,승차,42852,43457,57367,56230,55394,55943,51169,50104,51895,58116,59651,56174
306,5,2543,답십리,하차,41627,42067,55453,54683,53279,53938,49329,47983,49936,55799,57903,55042
307,5,2544,장한평,승차,46129,46074,59944,59754,58478,60277,56449,56432,57029,63264,65171,62945
308,5,2544,장한평,하차,47092,46924,60674,60453,58999,60791,57162,56983,57665,64215,66635,64508
309,5,2545,군자,승차,20742,21008,28102,27849,26679,26961,25204,24221,25611,30766,29275,27932
310,5,2545,군자,하차,21123,21604,28577,28482,27601,27620,25777,24790,26125,31725,30607,28832
311,5,2546,아차산,승차,53879,56686,72334,72854,71988,70560,62708,62527,67275,77242,74066,69516
312,5,2546,아차산,하차,53435,55433,71217,72523,71349,69997,62354,61749,66053,75814,72974,68463
313,5,2547,광나루,승차,38633,40519,51837,53092,52026,52378,47152,47200,51150,57864,56449,52285
314,5,2547,광나루,하차,37880,40220,51361,51829,50306,50345,44803,45181,49408,55936,54455,50653
315,5,2548,천호,승차,66790,68454,88301,89873,89790,89274,81424,80391,81530,93210,93720,89343
316,5,2548,천호,하차,68814,70757,92427,92698,92482,92240,83719,82968,85072,96725,97126,92203
317,5,2549,강동,승차,55202,55116,71450,69770,68711,69520,64676,62931,64103,72415,74885,71858
318,5,2549,강동,하차,52472,52384,68198,67627,66439,67605,62656,60996,62457,70437,72681,70011
319,5,2550,길동,승차,37159,38532,49067,51102,51122,51395,47691,47688,49140,53644,54449,53229
320,5,2550,길동,하차,38720,39796,50644,52682,52922,53326,49731,49574,51079,55683,56690,55375
321,5,2551,굽은다리,승차,35597,37054,47990,49337,50955,53471,47891,46074,46443,51271,52262,50335
322,5,2551,굽은다리,하차,33789,34921,44850,46628,47719,50172,44930,43038,43223,47737,48257,46655
323,5,2552,명일,승차,32818,34680,46452,49873,48307,48432,42575,41884,44713,51131,52727,49353
324,5,2552,명일,하차,34446,36600,48699,52174,50991,51342,45427,44713,47099,53793,55421,52426
325,5,2553,고덕,승차,29828,31537,42540,45603,44136,46061,42427,41760,43567,48518,50867,47757
326,5,2553,고덕,하차,29486,31361,42483,45853,44338,46221,42186,41990,43857,48388,50894,47591
327,5,2554,상일동,승차,49349,53153,70124,64865,64150,65133,57528,56727,59521,66298,68180,65048
328,5,2554,상일동,하차,47917,51199,67684,62525,62211,63151,56307,55257,57548,64112,65579,63045
329,5,2555,둔촌동,승차,33255,34687,45147,45281,45596,46472,42975,42310,43962,48255,47875,45579
330,5,2555,둔촌동,하차,34520,35795,46406,46072,46290,47405,44108,43325,44747,48988,48424,46445
331,5,2556,올림픽공원,승차,17763,17935,24402,27092,26549,27015,25033,23946,25781,30077,29162,27166
332,5,2556,올림픽공원,하차,16151,16144,21982,24455,24215,24214,22100,21370,23267,27381,26704,25267
333,5,2557,방이,승차,25013,25257,32397,32139,32184,33412,31020,30341,31792,35151,36291,34175
334,5,2557,방이,하차,25220,25355,32350,32173,32334,33382,31053,30329,31763,35095,35992,34275
335,5,2558,오금,승차,10553,10556,13967,14246,14123,14736,13312,13265,13942,15158,15620,15041
336,5,2558,오금,하차,9854,10062,13310,13642,13549,14092,12613,12501,13223,14883,15067,14445
337,5,2559,개롱,승차,24777,24907,33068,33835,32847,33975,31925,30799,31451,35398,35857,33600
338,5,2559,개롱,하차,26026,25901,34115,34943,34102,34882,33036,32312,33012,36812,37206,35072
339,5,2560,거여,승차,29330,29956,39668,41344,41708,44800,39011,38055,39365,44375,45640,42802
340,5,2560,거여,하차,29307,29569,39300,40688,41260,44008,38769,38103,39066,43779,44471,42815
341,5,2561,마천,승차,30023,30285,38943,39476,39680,39172,35604,34713,36149,40936,41050,39717
342,5,2561,마천,하차,31970,32315,40865,41439,41559,41404,37609,36603,37721,42544,43045,41656
343,5,2562,강일,승차,,,3392,18955,18481,19344,17148,17343,18914,21693,22055,21170
344,5,2562,강일,하차,,,3501,18663,18270,19158,17097,17248,18803,21623,22165,21156
345,5,2563,미사,승차,29085,30157,40852,47506,46545,47098,41674,41459,45271,52590,52655,49619
346,5,2563,미사,하차,29273,30295,40893,46923,46070,46911,41674,41830,45074,52356,52584,49702
347,5,2564,하남풍산,승차,13913,14765,19268,15592,15744,16989,15924,15151,16166,18552,18639,17794
348,5,2564,하남풍산,하차,15238,15893,20526,15548,15685,16889,15887,15005,15939,18347,18558,17890
349,5,2565,하남시청,승차,,,7005,38028,38360,38712,35063,35075,38597,43111,43895,42685
350,5,2565,하남시청,하차,,,7015,39247,39356,39945,36263,35967,39409,43748,45141,43854
351,5,2566,하남검단산,승차,,,8261,37683,34451,33666,30745,30192,32221,35413,34067,31716
352,5,2566,하남검단산,하차,,,8491,38264,34694,33934,30968,30271,32298,35707,33983,31966
353,6,2611,응암,승차,63589,65274,85223,84925,82356,83257,78008,76641,80134,87800,86183,81133
354,6,2611,응암,하차,63931,64947,84015,83998,81570,82337,78124,76628,79163,86923,85706,81380
355,6,2612,역촌,승차,17397,17455,23288,22891,23831,24409,24308,24334,23826,25278,25000,22781
356,6,2612,역촌,하차,17535,17572,23104,21950,23248,24009,24047,23703,23057,25161,24793,22565
357,6,2613,불광,승차,20191,21297,29237,29582,29199,30165,27733,25540,26097,29453,29510,28071
358,6,2613,불광,하차,17715,17934,24638,24858,24331,25150,22918,21621,22382,24709,24520,23258
359,6,2614,독바위,승차,10949,11382,15010,14761,14752,15103,14637,14292,14987,16451,15235,13969
360,6,2614,독바위,하차,13955,14782,18696,18893,18664,19079,18306,17887,18766,20307,19102,17520
361,6,2615,연신내,승차,,,,,,,,0,0,0,,
362,6,2615,연신내,하차,,,,,,,,0,0,0,,
363,6,2616,구산,승차,26730,28361,36953,37508,36968,37103,35464,34999,35942,38995,38417,35699
364,6,2616,구산,하차,29315,30205,39493,39828,39186,39288,37914,37397,37838,41032,40597,38403
365,6,2617,새절,승차,46296,48378,63487,64683,62638,63361,58287,57378,59879,67150,65257,59563
366,6,2617,새절,하차,47259,49069,64311,65731,63307,64373,59499,58446,60773,67849,65653,60571
367,6,2618,증산,승차,39582,40150,52754,52961,50997,51031,47685,47302,49514,54891,53683,50465
368,6,2618,증산,하차,40717,41167,54058,54424,52556,52442,48897,48477,50192,55917,54302,51425
369,6,2619,디지털미디어시,승차,28814,30000,38541,38733,38065,38126,34691,34093,36282,40672,40785,37845
370,6,2619,디지털미디어시,하차,29716,30604,39249,39173,38436,38251,35053,34024,35826,40438,40939,38002
371,6,2620,월드컵경기장,승차,31980,34498,45813,48767,47141,46333,41360,40962,48099,60413,45132,32263
372,6,2620,월드컵경기장,하차,29530,32659,44180,46991,45918,45452,40223,40296,47619,61053,46799,32432
373,6,2621,마포구청,승차,36843,38752,50497,51268,51297,51949,49036,48355,49788,55710,56921,52610
374,6,2621,마포구청,하차,33738,35145,46133,46573,46727,47560,44789,43651,45022,49450,51043,48042
375,6,2622,망원,승차,47404,49170,62478,62000,61660,60785,55442,55886,59913,64183,63088,58292
376,6,2622,망원,하차,49295,51155,64493,64412,63978,63648,58425,58291,62683,66707,66077,61146
377,6,2623,합정,승차,20286,20931,27702,28142,27594,28350,25462,25306,26303,29955,30137,27932
378,6,2623,합정,하차,18969,19545,26202,26153,25267,26197,23709,23323,24304,27680,27750,25816
379,6,2624,상수,승차,11820,12055,15620,15654,15494,15914,14948,14636,15009,16161,17009,16066
380,6,2624,상수,하차,11874,12290,15912,16117,15915,16196,15110,15070,15086,16277,17257,16252
381,6,2625,광흥창,승차,24372,24940,32755,32938,32270,33290,30673,29903,31555,34248,36923,33968
382,6,2625,광흥창,하차,24099,24925,32760,32907,32282,32938,30311,29893,31491,33870,36692,33699
383,6,2626,대흥,승차,23494,24553,33534,33621,32571,32705,29503,28937,31276,33344,33372,30499
384,6,2626,대흥,하차,23518,24407,32956,33454,32650,32380,29459,28690,31011,33293,33126,30681
385,6,2627,공덕,승차,40697,41808,54458,53200,51799,52479,48524,47285,49772,55285,57301,53099
386,6,2627,공덕,하차,38555,39517,50798,49813,47993,49069,45437,44798,47083,51997,53742,49735
387,6,2628,효창공원앞,승차,21079,22020,28542,28629,27869,29013,25977,25833,26515,29196,29679,27756
388,6,2628,효창공원앞,하차,20284,21189,27542,27421,26374,27529,24443,24235,24872,27520,27946,26365
389,6,2629,삼각지,승차,8234,8342,10763,10868,11094,11557,9799,9605,10334,11883,12334,11321
390,6,2629,삼각지,하차,6744,6967,8986,8923,9043,9481,8086,7874,8513,9690,9987,9448
391,6,2630,녹사평,승차,10113,10367,13230,13214,13100,13532,12095,12139,12487,13567,13775,12726
392,6,2630,녹사평,하차,9878,9986,13056,12776,12693,13199,11636,11785,12064,13336,13357,12322
393,6,2631,이태원,승차,17962,18019,22802,22790,22779,22691,20587,20307,21449,23689,23400,22238
394,6,2631,이태원,하차,18566,18619,23666,23482,23130,23202,21096,20973,21806,24212,23750,22846
395,6,2632,한강진,승차,8412,8011,10727,10789,10298,10770,9843,9276,9659,10994,11474,10341
396,6,2632,한강진,하차,8001,7902,10566,10792,10143,10399,9520,8981,9524,11142,11873,10226
397,6,2633,버티고개,승차,8722,8695,10772,10712,10982,9192,7645,7433,7538,7827,8524,9202
398,6,2633,버티고개,하차,9950,9998,12513,12733,12721,11932,10554,10704,11303,9212,10891,11472
399,6,2634,약수,승차,12212,12780,16100,16068,15863,17170,16631,16360,17173,18653,18228,16729
400,6,2634,약수,하차,12128,12607,15963,16145,16065,16686,15534,15627,14722,18311,17750,16309
401,6,2635,청구,승차,10737,10953,14252,14071,13831,14009,13477,13396,13622,14638,14744,14196
402,6,2635,청구,하차,12963,12995,16712,16548,16795,16780,15430,15097,15437,16903,16964,16342
403,6,2636,신당,승차,19466,19565,25116,24580,24689,25232,23879,23236,24352,26847,27190,27012
404,6,2636,신당,하차,18616,18826,24038,23383,23501,24251,23175,22585,23426,25845,26182,25916
405,6,2637,동묘앞,승차,41508,42663,52560,52423,53366,50017,45204,45286,47776,53009,50851,47362
406,6,2637,동묘앞,하차,37158,38418,47527,47263,47756,46347,43102,42394,44507,48745,46716,43995
407,6,2638,창신,승차,10724,11081,13882,13724,13738,14049,13367,12926,13208,13988,14379,13640
408,6,2638,창신,하차,10223,10439,13150,13216,13261,13568,12504,12155,12574,13201,13554,12954
409,6,2639,보문,승차,16383,17164,21898,22409,22953,23059,20098,18959,20227,22352,22624,21636
410,6,2639,보문,하차,15793,16499,21153,21823,21749,21936,19283,18467,19561,21539,21805,20608
411,6,2640,안암,승차,19534,18486,23275,22844,22329,23842,22104,20904,21370,23305,24331,24356
412,6,2640,안암,하차,18394,17602,22223,21431,21238,22613,20590,19442,20306,22354,23248,23052
413,6,2641,고려대,승차,17830,18617,23858,23770,24031,23841,21707,21468,22568,24478,24668,23305
414,6,2641,고려대,하차,18410,19047,24185,24074,24349,24249,21987,21526,22593,24750,24807,23604
415,6,2642,월곡,승차,39770,40277,51677,51043,51254,51324,47762,47202,48997,53148,53046,49379
416,6,2642,월곡,하차,40626,41015,52012,51308,51513,51715,48567,47330,48835,53269,53355,50094
417,6,2643,상월곡,승차,22944,22824,29014,28865,28692,29187,27340,26752,28244,30580,30128,27985
418,6,2643,상월곡,하차,22680,22510,28378,28488,28294,29079,26940,26369,27665,29987,29613,27450
419,6,2644,돌곶이,승차,29569,30990,40386,40349,40417,41189,38173,37365,37808,41218,45138,41343
420,6,2644,돌곶이,하차,29517,30623,40043,40063,40139,41103,37887,37128,37437,40694,44498,41490
421,6,2645,석계,승차,41848,42773,54870,54806,54889,54887,50896,49879,52005,57485,57351,53622
422,6,2645,석계,하차,42711,43503,55539,55976,55519,55720,51318,50535,52569,57860,57670,54257
423,6,2646,태릉입구,승차,15941,16200,20805,20690,25174,21564,19536,19367,20422,23163,22836,21114
424,6,2646,태릉입구,하차,16643,17108,22100,21944,27095,22679,20522,20620,21489,24652,23741,21853
425,6,2647,화랑대,승차,23278,24563,31452,31495,32119,32654,29119,28759,30997,34849,35010,32721
426,6,2647,화랑대,하차,20617,21767,27988,27821,28486,29277,25993,25636,27665,31172,31627,29317
427,6,2648,봉화산,승차,25641,26421,34550,34480,34410,35244,33533,32141,32954,36761,36274,33942
428,6,2648,봉화산,하차,25289,26192,34520,34295,34344,35040,33649,32042,32765,36419,36006,33928
429,7,2711,장암,승차,4283,5389,7707,7755,7654,7629,7707,7525,8380,8555,7455,6192
430,7,2711,장암,하차,2704,3691,5459,5869,5712,5671,6098,6080,6350,6430,5356,4225
431,7,2712,도봉산,승차,23883,26153,34375,36549,36974,36916,36050,33158,34790,41875,37099,33074
432,7,2712,도봉산,하차,36760,40021,51758,54568,54858,53843,49702,48030,50892,61110,55242,47018
433,7,2713,수락산,승차,49573,53035,69208,70947,70981,72630,67363,66377,69213,75702,72382,66806
434,7,2713,수락산,하차,51095,53613,69988,71397,71471,73445,68444,67110,70354,77223,73409,67888
435,7,2714,마들,승차,46229,46994,59346,60293,59432,59837,56672,55815,58422,63515,63534,60301
436,7,2714,마들,하차,46784,47471,59472,60319,59486,60347,56820,56153,58560,63424,63013,60597
437,7,2715,노원,승차,63598,63552,82436,81866,80506,81828,77244,75000,76651,84680,86153,83772
438,7,2715,노원,하차,63575,64248,84082,83098,81560,82649,77763,75729,77694,85513,86777,84176
439,7,2716,중계,승차,43208,44462,58315,59703,57904,60143,53153,51686,55159,61681,60258,56294
440,7,2716,중계,하차,41867,42798,56237,58181,56447,58932,52303,50657,53861,60012,58834,55114
441,7,2717,하계,승차,51423,52741,68715,69344,68707,70372,63900,62957,65086,72944,74314,69356
442,7,2717,하계,하차,50219,51267,66947,67881,67197,69053,62598,61284,63742,71487,72695,68119
443,7,2718,공릉,승차,36806,37253,47938,47847,47454,47572,43749,43425,45946,50952,51219,50201
444,7,2718,공릉,하차,37320,37864,48512,48129,47829,48089,44347,43932,46182,51107,51834,50576
445,7,2719,태릉입구,승차,22633,23013,29744,30411,34982,31204,28731,27897,29490,34137,33566,31754
446,7,2719,태릉입구,하차,21053,21477,28380,28626,33902,29411,27572,26103,27771,32365,31825,30090
447,7,2720,먹골,승차,34583,35076,45250,45046,45960,45723,42689,41458,43274,47712,47102,45129
448,7,2720,먹골,하차,35589,35966,46106,46290,46732,46876,43855,42814,44177,48669,47859,45811
449,7,2721,중화,승차,33601,33745,44543,44070,44635,44310,42392,41289,42773,47198,47050,44443
450,7,2721,중화,하차,34659,34588,46021,45209,44963,44840,42827,41729,42930,47661,47715,45486
451,7,2722,상봉,승차,38513,38930,50319,50334,49240,48887,44815,44520,47595,52771,52109,49901
452,7,2722,상봉,하차,37021,37018,47451,47596,47211,47046,43280,42534,45853,50518,49934,48662
453,7,2723,면목,승차,51079,51604,66962,66981,66437,67039,63861,64581,66124,71613,71783,68711
454,7,2723,면목,하차,53589,54074,69876,69782,68733,69659,67021,67752,68986,73953,74143,71674
455,7,2724,사가정,승차,54048,55803,71980,72665,71750,73292,67431,65797,68649,77483,75349,70866
456,7,2724,사가정,하차,54419,55891,71710,71963,71436,72953,66896,65403,68051,76811,74981,71510
457,7,2725,용마산,승차,18233,18641,23750,24626,24129,24534,22698,22266,23334,26097,25947,24451
458,7,2725,용마산,하차,19735,20111,26178,26624,26403,26965,24687,24255,25484,28037,27934,26337
459,7,2726,중곡,승차,30590,31426,38897,38461,38480,39235,36145,35950,38758,43147,42512,40990
460,7,2726,중곡,하차,31664,32168,39696,39077,38828,39868,37393,37130,39404,43911,43460,42423
461,7,2727,군자,승차,38385,39202,51785,51868,51125,52221,48500,47514,49354,55591,56464,52811
462,7,2727,군자,하차,34263,34766,46072,45923,45102,46148,43052,42810,44074,48840,49429,47016
463,7,2728,어린이대공원,승차,19054,19683,27668,28970,28430,28269,25272,24353,26186,30729,29683,26637
464,7,2728,어린이대공원,하차,19665,19939,27983,29363,28634,28516,25214,24276,26005,30731,29810,26942
465,7,2729,건대입구,승차,28905,28469,35569,35227,34315,36230,34308,34002,34002,37896,39477,38271
466,7,2729,건대입구,하차,25899,25439,31786,31468,30845,32432,30877,30678,30822,34296,36007,34317
467,7,2730,뚝섬유원지,승차,22179,24358,30776,31643,31204,31859,29498,28914,30125,33478,31662,29317
468,7,2730,뚝섬유원지,하차,22761,24643,30859,32241,31793,32535,30314,29410,30662,34014,31905,29726
469,7,2731,청담,승차,41976,41255,52956,52358,51126,52409,49214,47803,49375,55893,58616,56734
470,7,2731,청담,하차,39431,39289,51064,50226,49398,49944,46631,45450,46887,53303,56915,54482
471,7,2732,강남구청,승차,27093,27094,35974,35300,35082,35963,33162,32075,33244,38167,39412,37761
472,7,2732,강남구청,하차,26675,26967,36248,35694,35346,36561,33231,32028,33587,38625,39722,37860
473,7,2733,학동,승차,34717,33512,43412,43036,41415,43584,39627,37558,37932,43713,47405,45695
474,7,2733,학동,하차,31989,31128,40272,39837,38261,40006,36578,34509,35069,40894,44728,42834
475,7,2734,논현,승차,30002,28704,37396,37402,36058,37006,35157,33735,33847,37374,39036,37754
476,7,2734,논현,하차,29310,28528,37012,36871,35724,36431,34587,33338,33458,36745,38446,37416
477,7,2735,반포,승차,19098,19288,24733,24556,24064,24890,22958,21785,22958,24875,25735,24605
478,7,2735,반포,하차,17937,18268,23245,23157,22846,23551,21746,20628,21589,23350,24339,23382
479,7,2736,고속터미널,승차,37496,37835,51175,51385,50459,53003,46190,45632,48339,55298,58006,51203
480,7,2736,고속터미널,하차,33006,33023,44762,44500,43392,46182,40857,39937,41504,47370,50083,44885
481,7,2737,내방,승차,38753,39069,49061,48373,48338,48847,45639,44267,46770,50391,53185,52024
482,7,2737,내방,하차,37863,37997,47855,47179,47468,47653,44289,42836,45420,49144,51815,50749
483,7,2738,이수,승차,41153,42316,55325,54184,54191,55488,50762,49769,52540,60592,59171,56788
484,7,2738,이수,하차,39445,40634,52953,52247,52331,53647,49544,48611,50484,57970,56897,54860
485,7,2739,남성,승차,37906,38827,50293,53343,54917,52336,46252,45129,47060,51349,52237,50403
486,7,2739,남성,하차,38200,38827,50239,52805,54614,52235,46236,45063,46746,50850,52042,50538
487,7,2740,숭실대입구,승차,31968,32938,42937,43148,42622,42996,38712,38502,40670,46197,46709,44032
488,7,2740,숭실대입구,하차,33191,34375,44967,45565,44565,45068,40688,40566,42480,47620,48793,46042
489,7,2741,상도,승차,31142,31457,41491,43511,44423,44693,39634,38367,40430,45450,45461,43172
490,7,2741,상도,하차,30151,30703,40451,42133,42821,42787,38106,37058,39261,44391,44007,42256
491,7,2742,장승배기,승차,37136,37504,48290,49446,49450,49060,45709,44325,46682,50843,50612,48725
492,7,2742,장승배기,하차,37828,37522,48727,49788,49720,50166,46465,45163,47230,51759,51410,49432
493,7,2743,신대방삼거리,승차,47615,47821,62240,63339,62582,64020,59967,59203,61356,66826,68935,64421
494,7,2743,신대방삼거리,하차,49442,49322,64117,65123,64191,65397,61910,60802,62704,68714,70541,66537
495,7,2744,보라매,승차,23413,23701,30180,29769,31538,30404,28175,27340,29272,32180,32802,31054
496,7,2744,보라매,하차,22890,23192,29346,29008,31167,29600,27049,26492,28434,31353,31756,29940
497,7,2745,신풍,승차,36338,37602,48984,49184,49680,50731,46761,45774,47047,53120,52882,49390
498,7,2745,신풍,하차,37502,38783,50143,50271,50625,51933,47647,46727,48458,54564,54563,50929
499,7,2746,대림,승차,19331,19483,24326,24500,24912,25483,24465,24347,24856,26603,26225,25246
500,7,2746,대림,하차,18971,19154,23991,24218,24542,25073,23962,23731,24201,26077,25792,24959
501,7,2747,남구로,승차,33261,32660,41239,41073,40996,41553,39115,38320,39328,43518,42761,41186
502,7,2747,남구로,하차,33212,32714,41470,41726,41307,42223,40104,38934,39613,43749,42974,41512
503,7,2748,가산디지털단지,승차,47187,45735,58753,57532,55557,57890,55259,52119,53158,59774,62564,59226
504,7,2748,가산디지털단지,하차,44472,43126,55665,54445,52411,54654,51902,48766,49520,56277,58385,55310
505,7,2749,철산,승차,50708,51248,66608,67531,67049,68609,62972,62585,66632,71578,73231,70042
506,7,2749,철산,하차,50881,51594,67720,68405,67386,68742,62950,62768,66519,71983,73386,70289
507,7,2750,광명사거리,승차,84357,85379,107292,105893,105434,106883,100040,101253,104403,112257,112171,108483
508,7,2750,광명사거리,하차,87383,88571,110283,108798,108325,109838,104167,105109,107988,114993,115788,111861
509,7,2751,천왕,승차,29587,30049,38465,39077,38605,39040,35204,34605,36410,40063,40262,38197
510,7,2751,천왕,하차,29716,30126,38623,39119,38509,38695,34833,34229,36070,39877,39899,37845
511,7,2752,온수,승차,21137,21198,27287,27018,26190,26815,25549,24949,25795,28529,28720,27050
512,7,2752,온수,하차,20503,20664,26653,26511,25456,25890,24523,23925,24722,27343,27621,26165
513,7,2753,까치울,승차,13751,14699,21318,23086,23054,22632,19367,19551,21379,25496,23421,20704
514,7,2753,까치울,하차,13902,14842,21287,23373,23415,23190,20057,19888,21432,25759,23703,20883
515,7,2754,부천종합운동장,승차,9805,10174,16228,15427,14066,14008,13007,12690,13738,15012,14844,14114
516,7,2754,부천종합운동장,하차,9912,10266,16696,15449,13896,14042,12820,12664,13682,14788,14785,14187
517,7,2755,춘의,승차,15904,15883,20810,21129,20407,21098,19536,19225,20098,22742,22663,21893
518,7,2755,춘의,하차,15444,15654,20539,21030,20532,20933,19324,19055,19952,22479,22411,21679
519,7,2756,신중동,승차,27258,27644,36859,36814,36513,36900,34452,32937,34741,38937,39373,36789
520,7,2756,신중동,하차,26887,26905,35942,35888,35572,36131,33852,32357,33912,38129,38400,36162
521,7,2757,부천시청,승차,26984,27583,36486,37022,36599,37901,35245,33692,35853,40645,40265,38907
522,7,2757,부천시청,하차,25871,26648,35208,35845,35614,37018,34351,32898,34668,39199,38808,37246
523,7,2758,상동,승차,25359,25872,34342,33972,33338,34635,31919,30194,31746,37275,36802,34852
524,7,2758,상동,하차,25275,25800,34216,33893,33256,34318,32161,30280,32092,37582,37202,35090
525,7,2759,삼산체육관,승차,11154,12118,16854,19297,19630,21875,17339,16429,17804,19783,19362,18141
526,7,2759,삼산체육관,하차,10828,11626,15864,18367,19003,21336,16707,15811,16999,18830,18508,17304
527,7,2760,굴포천,승차,18875,18779,23763,23214,23776,25589,23836,22840,23438,26712,26452,26010
528,7,2760,굴포천,하차,19311,19095,24417,23565,23963,25965,24077,23297,24137,27402,26889,26549
529,7,2761,부평구청,승차,15227,15735,21085,21764,21362,19364,16973,16095,16799,18862,18973,18013
530,7,2761,부평구청,하차,13658,14150,18806,19707,19142,17951,16137,15203,15589,17624,17844,16823
531,8,2811,암사,승차,57137,59270,76258,75882,76006,76899,71801,72402,73660,80727,80554,76037
532,8,2811,암사,하차,57341,59177,75979,75362,75917,76544,71656,72435,73422,80000,79986,75999
533,8,2812,천호,승차,44644,45394,58616,57054,56685,56499,51922,51597,53072,59571,60361,58092
534,8,2812,천호,하차,42553,42994,55245,54124,53386,53370,49172,48624,49053,56140,56792,54327
535,8,2813,강동구청,승차,35153,35675,45768,45254,45511,46425,42281,42398,43911,47961,49813,47282
536,8,2813,강동구청,하차,35842,36173,46494,45893,46017,46683,42572,42468,43930,48080,49689,47557
537,8,2814,몽촌토성,승차,17359,17875,24363,25405,24241,23068,19670,19619,22533,27337,28263,23786
538,8,2814,몽촌토성,하차,16339,17025,23403,24255,23216,22165,18841,18552,21420,26179,27342,23071
539,8,2815,잠실,승차,36093,36125,47266,45452,45828,46153,44524,42324,42270,48671,49361,47074
540,8,2815,잠실,하차,33990,34322,46107,44599,44503,44769,42571,41158,41102,47609,48719,46124
541,8,2816,석촌,승차,27484,27782,36869,35523,35428,35234,32864,32103,33299,37014,37397,36324
542,8,2816,석촌,하차,29258,29519,39480,38204,37802,37926,35008,34276,35711,39970,40028,38412
543,8,2817,송파,승차,30650,31024,40150,40667,39054,39596,36514,34894,36600,41367,42366,40332
544,8,2817,송파,하차,30751,31282,40049,40695,39184,39576,36510,35476,36894,41452,42662,40924
545,8,2818,가락시장,승차,39321,40257,48687,47113,45551,44308,41420,41983,42653,43250,47171,43953
546,8,2818,가락시장,하차,40460,41630,49291,47544,46669,45886,42646,43521,43888,44609,48509,44704
547,8,2819,문정,승차,31510,31447,41673,40928,38744,39207,35513,34452,35452,39781,42492,43297
548,8,2819,문정,하차,31470,31646,41992,40917,38835,38832,35031,34119,35180,39563,42299,42917
549,8,2820,장지,승차,39810,40204,54418,53422,51964,53413,48541,47219,49431,56286,57379,54519
550,8,2820,장지,하차,38508,38310,52660,51266,49791,50701,46367,44791,46986,53452,54510,51713
551,8,2821,복정,승차,23403,24625,32535,33165,32567,32705,29049,27991,30395,35423,36969,31200
552,8,2821,복정,하차,21566,22594,29996,30552,30109,29939,26528,25836,27596,32304,33403,28161
553,8,2822,산성,승차,22509,22405,28111,27675,26204,25744,23479,22726,24070,26989,26011,23053
554,8,2822,산성,하차,24978,24816,31273,30726,29208,28544,26327,25396,27011,30073,28856,25591
555,8,2823,남한산성입구,승차,45575,45853,57945,58053,56189,56776,51979,51561,53872,59509,58669,55258
556,8,2823,남한산성입구,하차,44710,44731,56277,56032,54334,54547,50058,49237,51307,57040,56692,53853
557,8,2824,단대오거리,승차,39125,38312,49232,49230,48951,48283,45417,44979,46886,51170,50797,49963
558,8,2824,단대오거리,하차,38103,37243,47790,47629,47422,47329,44337,43639,45202,49215,49378,49143
559,8,2825,신흥,승차,22610,21998,27381,26933,27140,26941,26075,25017,24468,26125,25732,26038
560,8,2825,신흥,하차,23353,22736,28094,27983,27991,27823,27152,26170,25113,27049,26886,27124
561,8,2826,수진,승차,23823,23629,29540,29136,28239,28936,28220,27919,27758,29810,31579,30477
562,8,2826,수진,하차,24138,23815,30037,29425,28471,28978,28089,27662,27586,29327,31198,30514
563,8,2827,모란,승차,28612,29587,40385,41132,39473,39184,34435,34534,36976,41210,40244,37425
564,8,2827,모란,하차,21487,22646,31446,32505,30959,30825,27729,27888,29985,33393,31931,29085
565,8,2828,남위례,승차,,,,,,,,,,,,6178
566,8,2828,남위례,하차,,,,,,,,,,,,6341
